DATE,TIME,BOROUGH,ZIP CODE,LATITUDE,LONGITUDE,LOCATION,ON STREET NAME,CROSS STREET NAME,OFF STREET NAME,NUMBER OF PERSONS INJURED,NUMBER OF PERSONS KILLED,NUMBER OF PEDESTRIANS INJURED,NUMBER OF PEDESTRIANS KILLED,NUMBER OF CYCLIST INJURED,NUMBER OF CYCLIST KILLED,NUMBER OF MOTORIST INJURED,NUMBER OF MOTORIST KILLED,CONTRIBUTING FACTOR VEHICLE 1,CONTRIBUTING FACTOR VEHICLE 2,CONTRIBUTING FACTOR VEHICLE 3,CONTRIBUTING FACTOR VEHICLE 4,CONTRIBUTING FACTOR VEHICLE 5,UNIQUE KEY,VEHICLE TYPE CODE 1,VEHICLE TYPE CODE 2,VEHICLE TYPE CODE 3,VEHICLE TYPE CODE 4,VEHICLE TYPE CODE 5
01/01/2016,8:35,BRONX,10467,40.8653646,-73.8700003,"(40.8653646, -73.8700003)",,,R/O 612 ALLERTON AVENUE,0,0,0,0,0,0,0,0,Unspecified,Unspecified,,,,3363738,SPORT UTILITY / STATION WAGON,SPORT UTILITY / STATION WAGON,,,
01/01/2016,8:30,,,,,,SOUTH CONDUIT AVENUE,LINDEN BOULEVARD,,0,0,0,0,0,0,0,0,Unspecified,,,,,3363561,PASSENGER VEHICLE,,,,
01/01/2016,8:20,,,,,,WARWICK STREET,NEW LOTS AVENUE,,0,0,0,0,0,0,0,0,Fatigued/Drowsy,Unspecified,Unspecified,,,3363803,SPORT UTILITY / STATION WAGON,PASSENGER VEHICLE,SPORT UTILITY / STATION WAGON,,
01/01/2016,8:17,QUEENS,11374,40.7270584,-73.8706309,"(40.7270584, -73.8706309)",WOODHAVEN BOULEVARD,62 AVENUE,,0,0,0,0,0,0,0,0,Turning Improperly,Unspecified,,,,3363585,LIVERY VEHICLE,SPORT UTILITY / STATION WAGON,,,
01/01/2016,8:00,,,40.7179035,-73.8320112,"(40.7179035, -73.8320112)",,,,5,0,0,0,0,0,5,0,Unspecified,,,,,3363983,PASSENGER VEHICLE,,,,
01/01/2016,8:00,MANHATTAN,10040,40.8609571,-73.9265034,"(40.8609571, -73.9265034)",ARDEN STREET,NAGLE AVENUE,,1,0,1,0,0,0,0,0,Unspecified,,,,,3363419,PASSENGER VEHICLE,,,,
01/01/2016,8:00,,,40.7179035,-73.8320112,"(40.7179035, -73.8320112)",,,,0,0,0,0,0,0,0,0,Unspecified,Unspecified,,,,3363979,SPORT UTILITY / STATION WAGON,SPORT UTILITY / STATION WAGON,,,
01/01/2016,8:00,,,,,,31 STREET,HOYT AVENUE NORTH,,0,0,0,0,0,0,0,0,Physical Disability,Unspecified,,,,3364425,PASSENGER VEHICLE,TAXI,,,
01/01/2016,8:00,BROOKLYN,11230,40.628119,-73.9568484,"(40.628119, -73.9568484)",OCEAN AVENUE,AVENUE I,,0,0,0,0,0,0,0,0,Unspecified,Unspecified,,,,3363514,PASSENGER VEHICLE,PASSENGER VEHICLE,,,
01/01/2016,8:00,BRONX,10460,40.8367106,-73.8681843,"(40.8367106, -73.8681843)",MERRILL STREET,ST LAWRENCE AVENUE,,0,0,0,0,0,0,0,0,Unspecified,Unspecified,,,,3363431,PASSENGER VEHICLE,PASSENGER VEHICLE,,,
01/01/2016,7:56,MANHATTAN,10027,40.8139383,-73.9484189,"(40.8139383, -73.9484189)",8 AVENUE,WEST 131 STREET,,0,0,0,0,0,0,0,0,Failure to Yield Right-of-Way,Driver Inattention/Distraction,,,,3363672,PASSENGER VEHICLE,OTHER,,,
01/01/2016,7:55,,,40.7965332,-73.9759553,"(40.7965332, -73.9759553)",,,,0,0,0,0,0,0,0,0,Outside Car Distraction,,,,,3363654,SPORT UTILITY / STATION WAGON,,,,
01/01/2016,7:31,QUEENS,11370,40.7607274,-73.8910544,"(40.7607274, -73.8910544)",77 STREET,30 AVENUE,,0,0,0,0,0,0,0,0,Unspecified,Unspecified,,,,3363997,PASSENGER VEHICLE,PASSENGER VEHICLE,,,
01/01/2016,7:30,BROOKLYN,11225,40.6586933,-73.9504168,"(40.6586933, -73.9504168)",NOSTRAND AVENUE,FENIMORE STREET,,7,0,0,0,0,0,7,0,Physical Disability,Physical Disability,,,,3363517,PASSENGER VEHICLE,PASSENGER VEHICLE,,,
01/01/2016,7:30,BROOKLYN,11220,40.6418837,-74.0064968,"(40.6418837, -74.0064968)",7 AVENUE,51 STREET,,0,0,0,0,0,0,0,0,Unspecified,Unspecified,Unspecified,,,3365386,SPORT UTILITY / STATION WAGON,SPORT UTILITY / STATION WAGON,OTHER,,
01/01/2016,7:20,QUEENS,11368,40.7576939,-73.8646192,"(40.7576939, -73.8646192)",NORTHERN BOULEVARD,104 STREET,,0,0,0,0,0,0,0,0,Other Vehicular,Unspecified,,,,3363994,UNKNOWN,UNKNOWN,,,
01/01/2016,7:13,,,40.6981572,-73.8696833,"(40.6981572, -73.8696833)",,,,0,0,0,0,0,0,0,0,Outside Car Distraction,,,,,3364289,PASSENGER VEHICLE,,,,
01/01/2016,7:10,,,,,,HAUGHWOUT AVENUE,DERBY COURT,,0,0,0,0,0,0,0,0,Unspecified,Unspecified,,,,3363595,PASSENGER VEHICLE,PASSENGER VEHICLE,,,
01/01/2016,7:00,MANHATTAN,10010,40.738171,-73.9776019,"(40.738171, -73.9776019)",1 AVENUE,EAST 25 STREET,,2,0,0,0,0,0,2,0,Driver Inattention/Distraction,Unspecified,Unspecified,,,3363380,SPORT UTILITY / STATION WAGON,SPORT UTILITY / STATION WAGON,SPORT UTILITY / STATION WAGON,,
01/01/2016,7:00,BROOKLYN,11215,40.6764116,-73.9804599,"(40.6764116, -73.9804599)",5 AVENUE,UNION STREET,,0,0,0,0,0,0,0,0,Unspecified,Unspecified,,,,3363833,PASSENGER VEHICLE,PASSENGER VEHICLE,,,
01/01/2016,7:00,BRONX,10466,40.8974613,-73.8415934,"(40.8974613, -73.8415934)",PITMAN AVENUE,HILL AVENUE,,0,0,0,0,0,0,0,0,Unspecified,Unspecified,Unspecified,Unspecified,,3363729,PASSENGER VEHICLE,PASSENGER VEHICLE,PASSENGER VEHICLE,PASSENGER VEHICLE,
01/01/2016,6:55,MANHATTAN,10019,40.7661449,-73.9972347,"(40.7661449, -73.9972347)",WEST SIDE HIGHWAY,WEST 49 STREET,,0,0,0,0,0,0,0,0,Fatigued/Drowsy,Unspecified,,,,3364575,PASSENGER VEHICLE,UNKNOWN,,,
01/01/2016,6:50,BROOKLYN,11221,40.6885651,-73.9301802,"(40.6885651, -73.9301802)",GATES AVENUE,MALCOLM X BOULEVARD,,0,0,0,0,0,0,0,0,Driver Inattention/Distraction,Driver Inattention/Distraction,Driver Inattention/Distraction,,,3363534,PASSENGER VEHICLE,PASSENGER VEHICLE,PASSENGER VEHICLE,,
01/01/2016,6:45,,,40.7573772,-73.747488,"(40.7573772, -73.747488)",,,,1,0,0,0,0,0,1,0,Traffic Control Disregarded,Pavement Defective,,,,3363580,PASSENGER VEHICLE,PASSENGER VEHICLE,,,
01/01/2016,6:45,,,,,,,,,0,0,0,0,0,0,0,0,Fatigued/Drowsy,Unspecified,,,,3363438,SPORT UTILITY / STATION WAGON,PASSENGER VEHICLE,,,
01/01/2016,6:40,BRONX,10457,40.8447373,-73.899349,"(40.8447373, -73.899349)",EAST 175 STREET,WASHINGTON AVENUE,,0,0,0,0,0,0,0,0,Driver Inattention/Distraction,Unspecified,,,,3366569,PASSENGER VEHICLE,PASSENGER VEHICLE,,,
01/01/2016,6:30,,,40.640181,-74.0217802,"(40.640181, -74.0217802)",,,,0,0,0,0,0,0,0,0,Alcohol Involvement,,,,,3364801,SPORT UTILITY / STATION WAGON,,,,
01/01/2016,6:30,,,,,,ROCKAWAY BOULEVARD,BROOKVILLE BOULEVARD,,0,0,0,0,0,0,0,0,Unspecified,,,,,3363553,SPORT UTILITY / STATION WAGON,,,,
01/01/2016,6:30,QUEENS,11385,40.7041559,-73.9075068,"(40.7041559, -73.9075068)",ONDERDONK AVENUE,GATES AVENUE,,0,0,0,0,0,0,0,0,Unspecified,Unspecified,Unspecified,Unspecified,,3364288,PASSENGER VEHICLE,SPORT UTILITY / STATION WAGON,PASSENGER VEHICLE,VAN,
01/01/2016,6:30,MANHATTAN,10022,40.7621793,-73.9661291,"(40.7621793, -73.9661291)",EAST 60 STREET,3 AVENUE,,0,0,0,0,0,0,0,0,Turning Improperly,Unspecified,,,,3363401,LIVERY VEHICLE,UNKNOWN,,,
01/01/2016,6:30,BROOKLYN,11230,40.6166532,-73.972337,"(40.6166532, -73.972337)",EAST 3 STREET,AVENUE M,,0,0,0,0,0,0,0,0,Prescription Medication,Unspecified,,,,3363487,LARGE COM VEH(6 OR MORE TIRES),SPORT UTILITY / STATION WAGON,,,
01/01/2016,6:28,QUEENS,11102,40.7661526,-73.9197778,"(40.7661526, -73.9197778)",30 AVENUE,33 STREET,,1,0,0,0,0,0,1,0,Driver Inattention/Distraction,Unspecified,,,,3364424,TAXI,TAXI,,,
01/01/2016,6:20,BROOKLYN,11238,40.6792042,-73.9552939,"(40.6792042, -73.9552939)",FRANKLIN AVENUE,ATLANTIC AVENUE,,0,0,0,0,0,0,0,0,Unspecified,Unspecified,,,,3364238,TAXI,PASSENGER VEHICLE,,,
01/01/2016,6:17,QUEENS,11372,40.7557548,-73.8835079,"(40.7557548, -73.8835079)",84 STREET,NORTHERN BOULEVARD,,0,0,0,0,0,0,0,0,Unspecified,Unspecified,,,,3364456,PASSENGER VEHICLE,SPORT UTILITY / STATION WAGON,,,
01/01/2016,6:15,MANHATTAN,10002,40.7187947,-73.9890116,"(40.7187947, -73.9890116)",LUDLOW STREET,DELANCEY STREET,,0,0,0,0,0,0,0,0,Unspecified,,,,,3363361,PASSENGER VEHICLE,TAXI,,,
01/01/2016,6:10,BROOKLYN,11211,40.7125256,-73.9625508,"(40.7125256, -73.9625508)",SOUTH 3 STREET,BEDFORD AVENUE,,2,0,0,0,0,0,2,0,Aggressive Driving/Road Rage,Unspecified,,,,3363865,PASSENGER VEHICLE,UNKNOWN,,,
01/01/2016,6:10,MANHATTAN,10026,40.8031164,-73.9563196,"(40.8031164, -73.9563196)",8 AVENUE,WEST 114 STREET,,1,0,0,0,0,0,1,0,Fatigued/Drowsy,Unspecified,Unspecified,Unspecified,,3363663,PASSENGER VEHICLE,PASSENGER VEHICLE,SPORT UTILITY / STATION WAGON,PASSENGER VEHICLE,
01/01/2016,6:10,QUEENS,11372,40.747658,-73.8837567,"(40.747658, -73.8837567)",,,82-07 ROOSEVELT AVENUE,0,0,0,0,0,0,0,0,Driver Inattention/Distraction,Unspecified,,,,3363996,PASSENGER VEHICLE,VAN,,,
01/01/2016,6:00,BROOKLYN,11223,40.5905415,-73.9702235,"(40.5905415, -73.9702235)",AVENUE X,WEST STREET,,0,0,0,0,0,0,0,0,Other Vehicular,Other Vehicular,Unspecified,Unspecified,,3363477,UNKNOWN,SPORT UTILITY / STATION WAGON,SPORT UTILITY / STATION WAGON,PASSENGER VEHICLE,
01/01/2016,5:55,MANHATTAN,10034,40.8641128,-73.9212504,"(40.8641128, -73.9212504)",WEST 204 STREET,POST AVENUE,,0,0,0,0,0,0,0,0,Other Vehicular,Lost Consciousness,,,,3365175,PASSENGER VEHICLE,PASSENGER VEHICLE,,,
01/01/2016,5:50,BROOKLYN,11208,40.6745324,-73.8688365,"(40.6745324, -73.8688365)",BELMONT AVENUE,HEMLOCK STREET,,2,0,0,0,0,0,2,0,Failure to Yield Right-of-Way,Unspecified,,,,3363805,TAXI,TAXI,,,
01/01/2016,5:46,QUEENS,11417,40.6750383,-73.8452293,"(40.6750383, -73.8452293)",133 AVENUE,SITKA STREET,,0,0,0,0,0,0,0,0,Unspecified,Unspecified,,,,3363562,PASSENGER VEHICLE,UNKNOWN,,,
01/01/2016,5:46,BROOKLYN,11221,40.6930211,-73.9370488,"(40.6930211, -73.9370488)",DEKALB AVENUE,LEWIS AVENUE,,0,0,0,0,0,0,0,0,Unspecified,Unspecified,Unspecified,,,3363838,SPORT UTILITY / STATION WAGON,SPORT UTILITY / STATION WAGON,SPORT UTILITY / STATION WAGON,,
01/01/2016,5:40,BROOKLYN,11203,40.6543385,-73.9470322,"(40.6543385, -73.9470322)",NEW YORK AVENUE,LENOX ROAD,,3,0,0,0,0,0,3,0,Unspecified,Unspecified,Unspecified,,,3363504,PASSENGER VEHICLE,UNKNOWN,PASSENGER VEHICLE,,
01/01/2016,5:30,,,40.7157218,-73.8257329,"(40.7157218, -73.8257329)",,,,2,0,0,0,0,0,2,0,Fatigued/Drowsy,Unspecified,,,,3364964,PASSENGER VEHICLE,PASSENGER VEHICLE,,,
01/01/2016,5:30,BROOKLYN,11211,40.712796,-73.9586657,"(40.712796, -73.9586657)",ROEBLING STREET,SOUTH 1 STREET,,0,0,0,0,0,0,0,0,Fatigued/Drowsy,Unspecified,,,,3363867,TAXI,SPORT UTILITY / STATION WAGON,,,
01/01/2016,5:30,BROOKLYN,11209,40.6204363,-74.0244658,"(40.6204363, -74.0244658)",86 STREET,FT HAMILTON PARKWAY,,0,0,0,0,0,0,0,0,Physical Disability,Unspecified,,,,3363505,SPORT UTILITY / STATION WAGON,UNKNOWN,,,
01/01/2016,5:20,QUEENS,11365,40.7406024,-73.8102426,"(40.7406024, -73.8102426)",PARSONS BOULEVARD,59 AVENUE,,0,0,0,0,0,0,0,0,Unspecified,Unspecified,Unspecified,,,3363936,PASSENGER VEHICLE,UNKNOWN,SPORT UTILITY / STATION WAGON,,
01/01/2016,5:15,,,,,,FULTON STREET,LEWIS AVENUE,,1,0,0,0,0,0,1,0,Backing Unsafely,Backing Unsafely,,,,3363535,PASSENGER VEHICLE,PASSENGER VEHICLE,,,
01/01/2016,5:10,MANHATTAN,10027,40.8102764,-73.9473705,"(40.8102764, -73.9473705)",7 AVENUE,WEST 127 STREET,,2,0,0,0,0,0,2,0,Lost Consciousness,Fatigued/Drowsy,,,,3363670,SPORT UTILITY / STATION WAGON,UNKNOWN,,,
01/01/2016,5:09,,,,,,AVENUE OF THE AMERICAS,BROOME STREET,,0,0,0,0,0,0,0,0,Turning Improperly,Unspecified,,,,3363356,TAXI,PASSENGER VEHICLE,,,
01/01/2016,5:04,BRONX,10467,40.8773934,-73.8664909,"(40.8773934, -73.8664909)",EAST GUN HILL ROAD,WHITE PLAINS ROAD,,0,0,0,0,0,0,0,0,Unspecified,Unspecified,,,,3363723,PASSENGER VEHICLE,PASSENGER VEHICLE,,,
01/01/2016,5:00,,,40.767373,-73.9500574,"(40.767373, -73.9500574)",,,,3,0,0,0,0,0,3,0,Turning Improperly,Fatigued/Drowsy,Fatigued/Drowsy,Fatigued/Drowsy,Other Electronic Device,3364071,TAXI,PASSENGER VEHICLE,LIVERY VEHICLE,LIVERY VEHICLE,LIVERY VEHICLE
01/01/2016,5:00,BRONX,10457,40.8456427,-73.9020981,"(40.8456427, -73.9020981)",WEBSTER AVENUE,EAST 175 STREET,,1,0,0,0,0,0,1,0,Fatigued/Drowsy,Unspecified,,,,3363443,PASSENGER VEHICLE,PASSENGER VEHICLE,,,
01/01/2016,5:00,,,,,,CROPSEY AVENUE,SHORE PARKWAY,,0,0,0,0,0,0,0,0,Unspecified,,,,,3363750,PASSENGER VEHICLE,OTHER,,,
01/01/2016,5:00,QUEENS,11373,40.738325,-73.8855916,"(40.738325, -73.8855916)",QUEENS BOULEVARD,ALBION AVENUE,,0,0,0,0,0,0,0,0,Unspecified,Unspecified,,,,3363578,TAXI,SPORT UTILITY / STATION WAGON,,,
01/01/2016,5:00,BROOKLYN,11234,40.6283496,-73.9249546,"(40.6283496, -73.9249546)",AVENUE J,EAST 53 STREET,,0,0,0,0,0,0,0,0,Other Vehicular,Unspecified,,,,3363486,PICK-UP TRUCK,UNKNOWN,,,
01/01/2016,5:00,BROOKLYN,11211,40.7097167,-73.952359,"(40.7097167, -73.952359)",SOUTH 2 STREET,HOOPER STREET,,0,0,0,0,0,0,0,0,Unspecified,Unspecified,Unspecified,Unspecified,,3363863,UNKNOWN,PASSENGER VEHICLE,PASSENGER VEHICLE,SPORT UTILITY / STATION WAGON,
01/01/2016,5:00,BRONX,10461,40.8429066,-73.8428365,"(40.8429066, -73.8428365)",BLONDELL AVENUE,ROBERTS AVENUE,,0,0,0,0,0,0,0,0,Failure to Keep Right,Unspecified,Unspecified,,,3363436,PASSENGER VEHICLE,PASSENGER VEHICLE,VAN,,
01/01/2016,4:45,QUEENS,11434,40.6804242,-73.7714719,"(40.6804242, -73.7714719)",172 STREET,127 AVENUE,,0,0,0,0,0,0,0,0,Unspecified,Unspecified,,,,3363588,PASSENGER VEHICLE,PASSENGER VEHICLE,,,
01/01/2016,4:45,QUEENS,11421,40.6932632,-73.8532358,"(40.6932632, -73.8532358)",JAMAICA AVENUE,92 STREET,,0,0,0,0,0,0,0,0,Driver Inattention/Distraction,Unspecified,,,,3363542,TAXI,SPORT UTILITY / STATION WAGON,,,
01/01/2016,4:35,BRONX,10455,40.8150841,-73.90012,"(40.8150841, -73.90012)",LEGGETT AVENUE,BECK STREET,,0,0,0,0,0,0,0,0,Alcohol Involvement,Unspecified,,,,3363421,PASSENGER VEHICLE,SPORT UTILITY / STATION WAGON,,,
01/01/2016,4:32,BROOKLYN,11212,40.6547385,-73.9069229,"(40.6547385, -73.9069229)",LINDEN BOULEVARD,ROCKAWAY AVENUE,,0,0,0,0,0,0,0,0,Unspecified,Unspecified,,,,3363797,PASSENGER VEHICLE,SPORT UTILITY / STATION WAGON,,,
01/01/2016,4:30,BRONX,10451,40.8192853,-73.924024,"(40.8192853, -73.924024)",PARK AVENUE,EAST 151 STREET,,1,0,0,0,0,0,1,0,Driver Inattention/Distraction,Unspecified,Unspecified,,,3363686,AMBULANCE,PASSENGER VEHICLE,SPORT UTILITY / STATION WAGON,,
01/01/2016,4:30,,,,,,30 AVENUE,30 STREET,,0,0,0,0,0,0,0,0,Illness,Driver Inattention/Distraction,,,,3364423,TAXI,TAXI,,,
01/01/2016,4:30,QUEENS,11691,40.5955618,-73.7471003,"(40.5955618, -73.7471003)",SEAGIRT BOULEVARD,BEACH 13 STREET,,0,0,0,0,0,0,0,0,Fatigued/Drowsy,Unspecified,,,,3363538,PASSENGER VEHICLE,SPORT UTILITY / STATION WAGON,,,
01/01/2016,4:30,QUEENS,11375,40.7265701,-73.8526393,"(40.7265701, -73.8526393)",QUEENS BOULEVARD,67 ROAD,,0,0,0,0,0,0,0,0,Fatigued/Drowsy,Unspecified,,,,3363583,PASSENGER VEHICLE,PASSENGER VEHICLE,,,
01/01/2016,4:25,MANHATTAN,10002,40.7222418,-73.9862873,"(40.7222418, -73.9862873)",EAST HOUSTON STREET,AVENUE A,,0,0,0,0,0,0,0,0,Turning Improperly,Unspecified,,,,3363368,TAXI,TAXI,,,
01/01/2016,4:21,BROOKLYN,11213,40.6729676,-73.9418587,"(40.6729676, -73.9418587)",KINGSTON AVENUE,PARK PLACE,,0,0,0,0,0,0,0,0,Unspecified,,,,,3363826,PASSENGER VEHICLE,PASSENGER VEHICLE,,,
01/01/2016,4:18,BROOKLYN,11218,40.6334876,-73.9745818,"(40.6334876, -73.9745818)",EAST 4 STREET,AVENUE F,,1,0,0,0,0,0,1,0,Alcohol Involvement,,,,,3363786,PASSENGER VEHICLE,,,,
01/01/2016,4:16,,,,,,BUSHWICK AVENUE,GREENE AVENUE,,0,0,0,0,0,0,0,0,Alcohol Involvement,Unspecified,,,,3363848,PASSENGER VEHICLE,PASSENGER VEHICLE,,,
01/01/2016,4:15,MANHATTAN,10010,40.7388307,-73.9831481,"(40.7388307, -73.9831481)",EAST 23 STREET,3 AVENUE,,0,0,0,0,0,0,0,0,Unspecified,Unspecified,,,,3363373,SPORT UTILITY / STATION WAGON,TAXI,,,
01/01/2016,4:10,BROOKLYN,11213,40.6685062,-73.9256052,"(40.6685062, -73.9256052)",EASTERN PARKWAY,BUFFALO AVENUE,,0,0,0,0,0,0,0,0,Traffic Control Disregarded,Unspecified,,,,3363820,PASSENGER VEHICLE,PASSENGER VEHICLE,,,
01/01/2016,4:07,QUEENS,11432,40.7027387,-73.802286,"(40.7027387, -73.802286)",JAMAICA AVENUE,153 STREET,,0,0,0,0,0,0,0,0,Aggressive Driving/Road Rage,Unspecified,,,,3363891,PASSENGER VEHICLE,UNKNOWN,,,
01/01/2016,4:00,QUEENS,11436,40.6748475,-73.7998235,"(40.6748475, -73.7998235)",141 STREET,123 AVENUE,,0,0,0,0,0,0,0,0,Unspecified,Unspecified,,,,3363987,SPORT UTILITY / STATION WAGON,SPORT UTILITY / STATION WAGON,,,
01/01/2016,4:00,QUEENS,11101,40.7355527,-73.9347786,"(40.7355527, -73.9347786)",BRADLEY AVENUE,GREENPOINT AVENUE,,0,0,0,0,0,0,0,0,Alcohol Involvement,Unspecified,,,,3363933,SPORT UTILITY / STATION WAGON,TAXI,,,
01/01/2016,4:00,BROOKLYN,11222,40.7308373,-73.9516331,"(40.7308373, -73.9516331)",,,F/O 256 MCGUINNESS BOULEVARD,0,0,0,0,0,0,0,0,Backing Unsafely,Unspecified,,,,3365505,PASSENGER VEHICLE,PASSENGER VEHICLE,,,
01/01/2016,3:51,BROOKLYN,11207,40.6618355,-73.8931046,"(40.6618355, -73.8931046)",PENNSYLVANIA AVENUE,NEW LOTS AVENUE,,0,0,0,0,0,0,0,0,Driver Inattention/Distraction,Unspecified,Unspecified,,,3363809,PASSENGER VEHICLE,PASSENGER VEHICLE,PASSENGER VEHICLE,,
01/01/2016,3:50,MANHATTAN,10003,40.7277455,-73.991276,"(40.7277455, -73.991276)",COOPER SQUARE,EAST 5 STREET,,0,0,0,0,0,0,0,0,Driver Inattention/Distraction,Unspecified,,,,3363366,PASSENGER VEHICLE,PASSENGER VEHICLE,,,
01/01/2016,3:46,BROOKLYN,11209,40.6291045,-74.0346392,"(40.6291045, -74.0346392)",COLONIAL ROAD,80 STREET,,0,0,0,0,0,0,0,0,Unspecified,Unspecified,,,,3363778,LIVERY VEHICLE,PASSENGER VEHICLE,,,
01/01/2016,3:45,BRONX,10458,40.8571285,-73.8807926,"(40.8571285, -73.8807926)",SOUTHERN BOULEVARD,EAST FORDHAM ROAD,,1,0,0,0,0,0,1,0,Unspecified,Unspecified,,,,3363734,LIVERY VEHICLE,PASSENGER VEHICLE,,,
01/01/2016,3:41,BROOKLYN,11213,40.6774132,-73.9303181,"(40.6774132, -73.9303181)",ATLANTIC AVENUE,UTICA AVENUE,,2,0,0,0,0,0,2,0,Unspecified,Unspecified,,,,3363822,PASSENGER VEHICLE,TAXI,,,
01/01/2016,3:40,BROOKLYN,11213,40.6635556,-73.9316086,"(40.6635556, -73.9316086)",EMPIRE BOULEVARD,UTICA AVENUE,,0,0,0,0,0,0,0,0,Prescription Medication,Unspecified,,,,3363516,PASSENGER VEHICLE,SPORT UTILITY / STATION WAGON,,,
01/01/2016,3:39,MANHATTAN,10034,40.8663357,-73.9250042,"(40.8663357, -73.9250042)",ACADEMY STREET,BROADWAY,,0,0,0,0,0,0,0,0,Unspecified,Unspecified,,,,3363416,PASSENGER VEHICLE,PASSENGER VEHICLE,,,
01/01/2016,3:38,BROOKLYN,11231,40.6760673,-74.0050797,"(40.6760673, -74.0050797)",MILL STREET,HICKS STREET,,1,0,0,0,0,0,1,0,Driver Inattention/Distraction,Unspecified,,,,3363525,PASSENGER VEHICLE,PASSENGER VEHICLE,,,
01/01/2016,3:37,BRONX,10453,40.8518022,-73.9092172,"(40.8518022, -73.9092172)",JEROME AVENUE,EAST TREMONT AVENUE,,1,0,0,0,0,0,1,0,Unspecified,Unspecified,,,,3363442,TAXI,UNKNOWN,,,
01/01/2016,3:32,QUEENS,11358,40.7602718,-73.8039995,"(40.7602718, -73.8039995)",162 STREET,SANFORD AVENUE,,0,0,0,0,0,0,0,0,Turning Improperly,Unspecified,,,,3363946,PASSENGER VEHICLE,SPORT UTILITY / STATION WAGON,,,
01/01/2016,3:30,QUEENS,11368,40.7421095,-73.8536767,"(40.7421095, -73.8536767)",54 AVENUE,CORONA AVENUE,,0,0,0,0,0,0,0,0,Unspecified,Unspecified,Unspecified,Unspecified,,3363573,UNKNOWN,PASSENGER VEHICLE,SPORT UTILITY / STATION WAGON,SPORT UTILITY / STATION WAGON,
01/01/2016,3:30,BROOKLYN,11237,40.7047636,-73.9199563,"(40.7047636, -73.9199563)",WYCKOFF AVENUE,HART STREET,,0,0,0,0,0,0,0,0,Unspecified,Unspecified,,,,3364256,PASSENGER VEHICLE,VAN,,,
01/01/2016,3:30,BROOKLYN,11206,40.699405,-73.953369,"(40.699405, -73.953369)",FLUSHING AVENUE,NOSTRAND AVENUE,,0,0,0,0,0,0,0,0,Driver Inattention/Distraction,Unspecified,,,,3363861,TAXI,TAXI,,,
01/01/2016,3:25,QUEENS,11358,40.7621323,-73.8037413,"(40.7621323, -73.8037413)",162 STREET,NORTHERN BOULEVARD,,0,0,0,0,0,0,0,0,Lost Consciousness,,,,,3363945,PASSENGER VEHICLE,SPORT UTILITY / STATION WAGON,,,
01/01/2016,3:22,MANHATTAN,10009,40.7218863,-73.9773477,"(40.7218863, -73.9773477)",AVENUE D,EAST 5 STREET,,1,0,0,0,0,0,1,0,Unspecified,,,,,3363367,PASSENGER VEHICLE,,,,
01/01/2016,3:20,,,,,,,,,0,0,0,0,0,0,0,0,Lost Consciousness,Unspecified,,,,3363572,PASSENGER VEHICLE,SPORT UTILITY / STATION WAGON,,,
01/01/2016,3:20,QUEENS,11413,40.6854328,-73.7551318,"(40.6854328, -73.7551318)",122 AVENUE,192 STREET,,0,0,0,0,0,0,0,0,Unspecified,Unspecified,,,,3363586,PASSENGER VEHICLE,UNKNOWN,,,
01/01/2016,3:20,MANHATTAN,10034,40.867769,-73.9259174,"(40.867769, -73.9259174)",SEAMAN AVENUE,ACADEMY STREET,,0,0,0,0,0,0,0,0,Outside Car Distraction,Unspecified,,,,3363414,PASSENGER VEHICLE,VAN,,,
01/01/2016,3:20,MANHATTAN,10012,40.7272875,-74.0006314,"(40.7272875, -74.0006314)",WEST HOUSTON STREET,THOMPSON STREET,,0,0,0,0,0,0,0,0,Unspecified,,,,,3363611,PASSENGER VEHICLE,SPORT UTILITY / STATION WAGON,,,
01/01/2016,3:20,BRONX,10457,40.8542925,-73.9002599,"(40.8542925, -73.9002599)",RYER AVENUE,EAST 181 STREET,,0,0,0,0,0,0,0,0,Backing Unsafely,Unspecified,,,,3363441,PASSENGER VEHICLE,TAXI,,,
01/01/2016,3:11,,,,,,18 AVENUE,EAST 3 STREET,,3,0,0,0,0,0,3,0,Unspecified,Unspecified,,,,3363513,PASSENGER VEHICLE,SPORT UTILITY / STATION WAGON,,,
01/01/2016,3:05,BROOKLYN,11205,40.6948926,-73.9534154,"(40.6948926, -73.9534154)",MYRTLE AVENUE,SANFORD STREET,,0,0,0,0,0,0,0,0,Unspecified,Unspecified,,,,3363533,SPORT UTILITY / STATION WAGON,UNKNOWN,,,
01/01/2016,3:00,BRONX,10468,40.8633298,-73.8991979,"(40.8633298, -73.8991979)",EAST 190 STREET,MORRIS AVENUE,,0,0,0,0,0,0,0,0,Driver Inattention/Distraction,Unspecified,Unspecified,Unspecified,,3363473,PASSENGER VEHICLE,PASSENGER VEHICLE,PASSENGER VEHICLE,UNKNOWN,
01/01/2016,2:57,,,,,,,,,0,0,0,0,0,0,0,0,Backing Unsafely,Unspecified,,,,3363599,PICK-UP TRUCK,PASSENGER VEHICLE,,,
01/01/2016,2:54,BROOKLYN,11218,40.6433056,-73.9740952,"(40.6433056, -73.9740952)",BEVERLEY ROAD,OCEAN PARKWAY,,3,0,0,0,0,0,3,0,Prescription Medication,Unspecified,,,,3363489,SPORT UTILITY / STATION WAGON,PASSENGER VEHICLE,,,
01/01/2016,2:50,MANHATTAN,10016,40.7438808,-73.9815589,"(40.7438808, -73.9815589)",LEXINGTON AVENUE,EAST 30 STREET,,1,0,1,0,0,0,0,0,Unspecified,,,,,3363375,PASSENGER VEHICLE,,,,
01/01/2016,2:50,QUEENS,11427,40.7269507,-73.7489396,"(40.7269507, -73.7489396)",89 AVENUE,215 STREET,,0,0,0,0,0,0,0,0,Unspecified,Unspecified,,,,3363917,PASSENGER VEHICLE,UNKNOWN,,,
01/01/2016,2:47,,,,,,,,,0,0,0,0,0,0,0,0,Other Vehicular,Turning Improperly,,,,3363440,TAXI,PASSENGER VEHICLE,,,
01/01/2016,2:47,QUEENS,11417,40.6745572,-73.859593,"(40.6745572, -73.859593)",NORTH CONDUIT AVENUE,SUTTER AVENUE,,0,0,0,0,0,0,0,0,Unspecified,Unspecified,,,,3364317,PASSENGER VEHICLE,UNKNOWN,,,
01/01/2016,2:45,,,,,,JAMAICA AVENUE,JACKIE ROBINSON PARKWAY,,4,0,0,0,0,0,4,0,Driver Inattention/Distraction,Driver Inattention/Distraction,Unspecified,,,3363807,SPORT UTILITY / STATION WAGON,PASSENGER VEHICLE,PASSENGER VEHICLE,,
01/01/2016,2:45,BROOKLYN,11208,40.671142,-73.8613162,"(40.671142, -73.8613162)",DREW STREET,DUMONT AVENUE,,0,0,0,0,0,0,0,0,Driver Inattention/Distraction,Unspecified,,,,3364218,PASSENGER VEHICLE,UNKNOWN,,,
01/01/2016,2:40,MANHATTAN,10028,40.7788219,-73.953985,"(40.7788219, -73.953985)",EAST 86 STREET,3 AVENUE,,1,0,1,0,0,0,0,0,Unspecified,,,,,3363399,TAXI,,,,
01/01/2016,2:35,BROOKLYN,11208,40.6714688,-73.8810776,"(40.6714688, -73.8810776)",SUTTER AVENUE,ESSEX STREET,,2,0,0,0,0,0,2,0,Alcohol Involvement,Unspecified,Unspecified,Unspecified,Unspecified,3363523,SPORT UTILITY / STATION WAGON,SPORT UTILITY / STATION WAGON,SPORT UTILITY / STATION WAGON,PASSENGER VEHICLE,PASSENGER VEHICLE
01/01/2016,2:34,BROOKLYN,11229,40.6096417,-73.9455983,"(40.6096417, -73.9455983)",EAST 28 STREET,QUENTIN ROAD,,0,0,0,0,0,0,0,0,Driver Inattention/Distraction,Unspecified,Unspecified,,,3363754,PASSENGER VEHICLE,PASSENGER VEHICLE,PASSENGER VEHICLE,,
01/01/2016,2:33,BROOKLYN,11210,40.6299135,-73.9377387,"(40.6299135, -73.9377387)",EAST 40 STREET,AVENUE I,,0,0,0,0,0,0,0,0,Other Vehicular,Other Vehicular,,,,3363485,PASSENGER VEHICLE,PASSENGER VEHICLE,,,
01/01/2016,2:30,,,,,,UNIONPORT ROAD,METROPOLITAN OVAL,,0,0,0,0,0,0,0,0,Fatigued/Drowsy,Unspecified,,,,3363428,PASSENGER VEHICLE,SPORT UTILITY / STATION WAGON,,,
01/01/2016,2:30,QUEENS,11362,40.7625929,-73.7187315,"(40.7625929, -73.7187315)",,,58-19 HEWLETT STREET,0,0,0,0,0,0,0,0,Failure to Yield Right-of-Way,Unspecified,Unspecified,,,3363972,PASSENGER VEHICLE,SPORT UTILITY / STATION WAGON,PASSENGER VEHICLE,,
01/01/2016,2:30,MANHATTAN,10037,40.8178994,-73.9380903,"(40.8178994, -73.9380903)",WEST 141 STREET,LENOX AVENUE,,0,0,0,0,0,0,0,0,Unspecified,Unspecified,,,,3363669,OTHER,PASSENGER VEHICLE,,,
01/01/2016,2:30,MANHATTAN,10002,40.7112296,-73.9847854,"(40.7112296, -73.9847854)",MONTGOMERY STREET,WATER STREET,,0,0,0,0,0,0,0,0,Fatigued/Drowsy,Lost Consciousness,,,,3369078,PASSENGER VEHICLE,OTHER,,,
01/01/2016,2:30,BROOKLYN,11203,40.6512285,-73.9409587,"(40.6512285, -73.9409587)",CHURCH AVENUE,EAST 39 STREET,,0,0,0,0,0,0,0,0,Fatigued/Drowsy,Unspecified,,,,3363503,PASSENGER VEHICLE,PASSENGER VEHICLE,,,
01/01/2016,2:15,QUEENS,11361,40.7680947,-73.7632576,"(40.7680947, -73.7632576)",221 STREET,38 AVENUE,,0,0,0,0,0,0,0,0,Alcohol Involvement,,,,,3363581,PASSENGER VEHICLE,,,,
01/01/2016,2:05,,,40.8354859,-73.9493936,"(40.8354859, -73.9493936)",,,,1,0,0,0,0,0,1,0,Windshield Inadequate,Unspecified,,,,3363677,SPORT UTILITY / STATION WAGON,TAXI,,,
01/01/2016,2:00,,,40.7251108,-73.7705573,"(40.7251108, -73.7705573)",,,,2,0,0,0,0,0,2,0,Driver Inattention/Distraction,Unspecified,,,,3363571,PASSENGER VEHICLE,PASSENGER VEHICLE,,,
01/01/2016,18:05,QUEENS,11419,40.6929726,-73.8153654,"(40.6929726, -73.8153654)",101 AVENUE,132 STREET,,0,0,0,0,0,0,0,0,Backing Unsafely,Unspecified,,,,3363881,SPORT UTILITY / STATION WAGON,PASSENGER VEHICLE,,,
01/01/2016,18:00,,,40.5917559,-73.9082902,"(40.5917559, -73.9082902)",,,,6,0,0,0,0,0,6,0,Fatigued/Drowsy,Fatigued/Drowsy,Fatigued/Drowsy,Unspecified,,3364742,SPORT UTILITY / STATION WAGON,PASSENGER VEHICLE,PASSENGER VEHICLE,PASSENGER VEHICLE,
01/01/2016,17:50,MANHATTAN,10065,40.7647319,-73.9663588,"(40.7647319, -73.9663588)",EAST 63 STREET,LEXINGTON AVENUE,,0,0,0,0,0,0,0,0,Unspecified,Unspecified,,,,3363637,TAXI,PASSENGER VEHICLE,,,
01/01/2016,17:45,QUEENS,11429,40.7125596,-73.7329853,"(40.7125596, -73.7329853)",HEMPSTEAD AVENUE,221 STREET,,0,0,0,0,0,0,0,0,Driver Inattention/Distraction,Unspecified,,,,3363918,SPORT UTILITY / STATION WAGON,SPORT UTILITY / STATION WAGON,,,
01/01/2016,17:40,,,,,,BROOKLYN QUEENS EXPWY E N SR,25 AVENUE,,1,0,0,0,0,0,1,0,Fell Asleep,,,,,3364432,PASSENGER VEHICLE,,,,
01/01/2016,17:40,QUEENS,11354,40.764071,-73.8091361,"(40.764071, -73.8091361)",156 STREET,NORTHERN BOULEVARD,,0,0,0,0,0,0,0,0,Backing Unsafely,Unspecified,,,,3363956,SPORT UTILITY / STATION WAGON,SPORT UTILITY / STATION WAGON,,,
01/01/2016,17:20,,,,,,FLATBUSH AVENUE,ALBEMARLE ROAD,,0,0,0,0,0,0,0,0,Unspecified,Unspecified,,,,3363785,SPORT UTILITY / STATION WAGON,PASSENGER VEHICLE,,,
01/01/2016,17:20,BRONX,10469,40.8732771,-73.8535761,"(40.8732771, -73.8535761)",HERING AVENUE,EAST GUN HILL ROAD,,0,0,0,0,0,0,0,0,Traffic Control Disregarded,Unspecified,,,,3363737,PASSENGER VEHICLE,PASSENGER VEHICLE,,,
01/01/2016,17:18,BRONX,10467,40.8785791,-73.8688498,"(40.8785791, -73.8688498)",BRONX BOULEVARD,EAST 211 STREET,,0,0,0,0,0,0,0,0,Unspecified,Unspecified,,,,3363728,OTHER,UNKNOWN,,,
01/01/2016,17:16,MANHATTAN,10027,40.8088424,-73.9658127,"(40.8088424, -73.9658127)",RIVERSIDE DRIVE,WEST 116 STREET,,2,0,0,0,0,0,2,0,Turning Improperly,Unspecified,,,,3365153,PASSENGER VEHICLE,SPORT UTILITY / STATION WAGON,,,
01/01/2016,17:11,BROOKLYN,11221,40.69409,-73.9342674,"(40.69409, -73.9342674)",STUYVESANT AVENUE,PULASKI STREET,,0,0,0,0,0,0,0,0,Unspecified,Unspecified,,,,3363837,SPORT UTILITY / STATION WAGON,UNKNOWN,,,
01/01/2016,17:00,,,,,,RUGBY ROAD,AVENUE M,,0,0,0,0,0,0,0,0,Failure to Yield Right-of-Way,Unspecified,,,,3364786,PASSENGER VEHICLE,BICYCLE,,,
01/01/2016,17:00,,,,,,EAST 96 STREET,FDR DRIVE,,0,0,0,0,0,0,0,0,Unspecified,Unspecified,,,,3363650,PASSENGER VEHICLE,PASSENGER VEHICLE,,,
01/01/2016,17:00,QUEENS,11691,40.5998356,-73.7560687,"(40.5998356, -73.7560687)",BEACH 22 STREET,BROOKHAVEN AVENUE,,0,0,0,0,0,0,0,0,Driver Inattention/Distraction,Unspecified,,,,3363874,PASSENGER VEHICLE,PASSENGER VEHICLE,,,
01/01/2016,17:00,QUEENS,11373,40.7347373,-73.8722578,"(40.7347373, -73.8722578)",57 AVENUE,90 STREET,,0,0,0,0,0,0,0,0,Unspecified,Unspecified,,,,3363966,PASSENGER VEHICLE,UNKNOWN,,,
01/01/2016,17:00,MANHATTAN,10040,40.8614639,-73.9249989,"(40.8614639, -73.9249989)",FORT GEORGE HILL,NAGLE AVENUE,,0,0,0,0,0,0,0,0,Unspecified,Unspecified,,,,3363680,PASSENGER VEHICLE,SPORT UTILITY / STATION WAGON,,,
01/01/2016,16:55,BROOKLYN,11229,40.6136366,-73.9482495,"(40.6136366, -73.9482495)",KINGS HIGHWAY,EAST 26 STREET,,0,0,0,0,0,0,0,0,Failure to Yield Right-of-Way,Unspecified,,,,3363755,PASSENGER VEHICLE,PASSENGER VEHICLE,,,
01/01/2016,16:50,QUEENS,11413,40.6719783,-73.7514861,"(40.6719783, -73.7514861)",139 AVENUE,222 STREET,,0,0,0,0,0,0,0,0,Failure to Yield Right-of-Way,Unspecified,Unspecified,,,3363556,PASSENGER VEHICLE,PASSENGER VEHICLE,PASSENGER VEHICLE,,
01/01/2016,16:50,MANHATTAN,10036,40.7597301,-73.9916833,"(40.7597301, -73.9916833)",WEST 44 STREET,9 AVENUE,,0,0,0,0,0,0,0,0,Illness,Unspecified,,,,3363627,PASSENGER VEHICLE,SPORT UTILITY / STATION WAGON,,,
01/01/2016,16:49,MANHATTAN,10023,40.7780962,-73.9782926,"(40.7780962, -73.9782926)",WEST 73 STREET,COLUMBUS AVENUE,,0,0,0,0,0,0,0,0,Unspecified,Unspecified,,,,3364082,LIVERY VEHICLE,PASSENGER VEHICLE,,,
01/01/2016,16:44,,,,,,ARTHUR KILL ROAD,SHARROTTS ROAD,,0,0,0,0,0,0,0,0,Unspecified,Unspecified,,,,3364012,BUS,UNKNOWN,,,
01/01/2016,16:40,QUEENS,11416,40.6840852,-73.8580622,"(40.6840852, -73.8580622)",ROCKAWAY BOULEVARD,95 AVENUE,,1,0,0,0,0,0,1,0,Driver Inattention/Distraction,Unspecified,,,,3363880,PASSENGER VEHICLE,PASSENGER VEHICLE,,,
01/01/2016,16:40,,,40.7677793,-73.9035816,"(40.7677793, -73.9035816)",,,,0,0,0,0,0,0,0,0,Driver Inattention/Distraction,Unspecified,,,,3364426,SPORT UTILITY / STATION WAGON,PASSENGER VEHICLE,,,
01/01/2016,16:40,,,,,,FULTON STREET,ARLINGTON PLACE,,0,0,0,0,0,0,0,0,Unspecified,Unspecified,,,,3364240,PASSENGER VEHICLE,TAXI,,,
01/01/2016,16:40,,,,,,FARMERS BOULEVARD,BEDELL STREET,,0,0,0,0,0,0,0,0,Driver Inattention/Distraction,Driver Inattention/Distraction,,,,3363986,PASSENGER VEHICLE,PASSENGER VEHICLE,,,
01/01/2016,16:40,QUEENS,11434,40.6874473,-73.7642543,"(40.6874473, -73.7642543)",180 STREET,119 ROAD,,0,0,0,0,0,0,0,0,Unspecified,Unspecified,,,,3363590,PASSENGER VEHICLE,UNKNOWN,,,
01/01/2016,16:40,BRONX,10453,40.8580925,-73.9019135,"(40.8580925, -73.9019135)",MORRIS AVENUE,EAST 183 STREET,,0,0,0,0,0,0,0,0,Unspecified,Unspecified,,,,3363444,VAN,PASSENGER VEHICLE,,,
01/01/2016,16:31,BROOKLYN,11220,40.6313023,-74.0103291,"(40.6313023, -74.0103291)",65 STREET,9 AVENUE,,0,0,0,0,0,0,0,0,Unspecified,Unspecified,,,,3363509,OTHER,SPORT UTILITY / STATION WAGON,,,
01/01/2016,16:30,QUEENS,11420,40.6810063,-73.812561,"(40.6810063, -73.812561)",LINDEN BOULEVARD,128 STREET,,0,0,0,0,0,0,0,0,Unspecified,Unspecified,,,,3363559,SPORT UTILITY / STATION WAGON,PASSENGER VEHICLE,,,
01/01/2016,16:30,BRONX,10459,40.8320892,-73.889792,"(40.8320892, -73.889792)",JENNINGS STREET,HOE AVENUE,,0,0,0,0,0,0,0,0,Illness,Unspecified,,,,3363698,PASSENGER VEHICLE,PASSENGER VEHICLE,,,
01/01/2016,16:20,,,,,,ASTORIA BOULEVARD SOUTH,STEINWAY STREET,,0,0,0,0,0,0,0,0,Driver Inattention/Distraction,Unspecified,,,,3364436,PICK-UP TRUCK,PASSENGER VEHICLE,,,
01/01/2016,16:20,BRONX,10469,40.8744065,-73.8400356,"(40.8744065, -73.8400356)",BURKE AVENUE,WICKHAM AVENUE,,0,0,0,0,0,0,0,0,Unspecified,Unspecified,,,,3363719,PASSENGER VEHICLE,PASSENGER VEHICLE,,,
01/01/2016,16:15,QUEENS,11102,40.7683796,-73.9212409,"(40.7683796, -73.9212409)",30 STREET,NEWTOWN AVENUE,,0,0,0,0,0,0,0,0,Driver Inattention/Distraction,Unspecified,,,,3364427,PASSENGER VEHICLE,PASSENGER VEHICLE,,,
01/01/2016,16:15,BROOKLYN,11220,40.6420578,-74.02042,"(40.6420578, -74.02042)",3 AVENUE,60 STREET,,0,0,0,0,0,0,0,0,Failure to Yield Right-of-Way,Unspecified,,,,3363791,SPORT UTILITY / STATION WAGON,SPORT UTILITY / STATION WAGON,,,
01/01/2016,16:14,BROOKLYN,11215,40.6661692,-73.9888076,"(40.6661692, -73.9888076)",5 AVENUE,14 STREET,,0,0,0,0,0,0,0,0,Unspecified,Unspecified,,,,3363529,SPORT UTILITY / STATION WAGON,UNKNOWN,,,
01/01/2016,16:10,BROOKLYN,11233,40.6718993,-73.9222993,"(40.6718993, -73.9222993)",PARK PLACE,RALPH AVENUE,,0,0,0,0,0,0,0,0,Unspecified,Unspecified,,,,3363796,PASSENGER VEHICLE,SPORT UTILITY / STATION WAGON,,,
01/01/2016,16:08,BRONX,10457,40.847563,-73.8947327,"(40.847563, -73.8947327)",MONTEREY AVENUE,EAST 178 STREET,,0,0,0,0,0,0,0,0,Unspecified,Unspecified,,,,3363736,PASSENGER VEHICLE,UNKNOWN,,,
01/01/2016,16:05,,,,,,BEACH CHANNEL DRIVE,BEACH 116 STREET,,0,0,0,0,0,0,0,0,Driver Inattention/Distraction,Fatigued/Drowsy,,,,3363537,PASSENGER VEHICLE,SPORT UTILITY / STATION WAGON,,,
01/01/2016,16:00,BROOKLYN,11221,40.6904,-73.9236444,"(40.6904, -73.9236444)",GROVE STREET,BROADWAY,,0,0,0,0,0,0,0,0,Unspecified,Unspecified,,,,3363849,PASSENGER VEHICLE,UNKNOWN,,,
01/01/2016,15:50,,,,,,PELHAM PARKWAY SOUTH,EASTCHESTER ROAD,,0,0,0,0,0,0,0,0,Unspecified,Unspecified,,,,3363739,SPORT UTILITY / STATION WAGON,PASSENGER VEHICLE,,,
01/01/2016,15:50,QUEENS,11413,40.6656356,-73.7581495,"(40.6656356, -73.7581495)",SPRINGFIELD BOULEVARD,SOUTH CONDUIT AVENUE,,0,0,0,0,0,0,0,0,Unspecified,Unspecified,,,,3363920,SPORT UTILITY / STATION WAGON,PASSENGER VEHICLE,,,
01/01/2016,15:47,MANHATTAN,10010,40.738219,-73.9856742,"(40.738219, -73.9856742)",LEXINGTON AVENUE,GRAMERCY PARK NORTH,,0,0,0,0,0,0,0,0,Unspecified,Unspecified,,,,3363379,SPORT UTILITY / STATION WAGON,SPORT UTILITY / STATION WAGON,,,
01/01/2016,15:45,BROOKLYN,11216,40.6767222,-73.9470722,"(40.6767222, -73.9470722)",DEAN STREET,NEW YORK AVENUE,,1,0,0,0,0,0,1,0,Unspecified,Unspecified,,,,3363827,SPORT UTILITY / STATION WAGON,SPORT UTILITY / STATION WAGON,,,
01/01/2016,15:45,,,,,,WEST 6 STREET,NEPTUNE AVENUE,,0,0,0,0,0,0,0,0,Unspecified,Unspecified,,,,3363748,SPORT UTILITY / STATION WAGON,UNKNOWN,,,
01/01/2016,15:35,QUEENS,11354,40.7652665,-73.815165,"(40.7652665, -73.815165)",NORTHERN BOULEVARD,150 STREET,,0,0,0,0,0,0,0,0,Lost Consciousness,Fatigued/Drowsy,,,,3363942,SPORT UTILITY / STATION WAGON,SPORT UTILITY / STATION WAGON,,,
01/01/2016,15:30,,,40.7547214,-73.817035,"(40.7547214, -73.817035)",,,PARKING LOT BURLING ST & 45AVE,1,0,0,0,0,0,1,0,Driver Inattention/Distraction,Unspecified,Unspecified,Unspecified,,3363939,SPORT UTILITY / STATION WAGON,PASSENGER VEHICLE,SPORT UTILITY / STATION WAGON,PASSENGER VEHICLE,
01/01/2016,15:30,,,,,,,,,0,0,0,0,0,0,0,0,Fatigued/Drowsy,Unspecified,,,,3367079,PASSENGER VEHICLE,SPORT UTILITY / STATION WAGON,,,
01/01/2016,15:30,,,,,,,,1774 RALPH AVENUE(PARKING LOT),0,0,0,0,0,0,0,0,Unspecified,Unspecified,,,,3364185,UNKNOWN,PASSENGER VEHICLE,,,
01/01/2016,15:30,QUEENS,11420,40.6649593,-73.8222478,"(40.6649593, -73.8222478)",,,,0,0,0,0,0,0,0,0,Unspecified,Unspecified,,,,3363565,SPORT UTILITY / STATION WAGON,PASSENGER VEHICLE,,,
01/01/2016,15:30,QUEENS,11379,40.7131723,-73.9007488,"(40.7131723, -73.9007488)",FRESH POND ROAD,62 ROAD,,0,0,0,0,0,0,0,0,Unspecified,Unspecified,,,,3363911,PASSENGER VEHICLE,PASSENGER VEHICLE,,,
01/01/2016,15:27,QUEENS,11367,40.7320381,-73.814918,"(40.7320381, -73.814918)",JEWEL AVENUE,KISSENA BOULEVARD,,0,0,0,0,0,0,0,0,Driver Inattention/Distraction,Driver Inattention/Distraction,,,,3363930,PASSENGER VEHICLE,PASSENGER VEHICLE,,,
01/01/2016,15:20,QUEENS,11432,40.7098407,-73.7890633,"(40.7098407, -73.7890633)",172 STREET,89 AVENUE,,0,0,0,0,0,0,0,0,Driver Inattention/Distraction,Unspecified,,,,3363893,PASSENGER VEHICLE,UNKNOWN,,,
01/01/2016,15:09,BRONX,10455,40.8132333,-73.9090748,"(40.8132333, -73.9090748)",JACKSON AVENUE,EAST 149 STREET,,0,0,0,0,0,0,0,0,Unspecified,Unspecified,,,,3363685,SPORT UTILITY / STATION WAGON,BICYCLE,,,
01/01/2016,15:08,BRONX,10466,40.893287,-73.8419216,"(40.893287, -73.8419216)",EDENWALD AVENUE,WILDER AVENUE,,0,0,0,0,0,0,0,0,Unspecified,Unspecified,,,,3363716,SPORT UTILITY / STATION WAGON,UNKNOWN,,,
01/01/2016,15:07,BRONX,10465,40.8160833,-73.8156199,"(40.8160833, -73.8156199)",EAST TREMONT AVENUE,HARDING AVENUE,,0,0,0,0,0,0,0,0,Driver Inattention/Distraction,Driver Inattention/Distraction,,,,3363704,PASSENGER VEHICLE,PASSENGER VEHICLE,,,
01/01/2016,15:05,BROOKLYN,11223,40.6015958,-73.9743635,"(40.6015958, -73.9743635)",VAN SICKLEN STREET,AVENUE S,,0,0,0,0,0,0,0,0,Unspecified,Unspecified,,,,3368683,PASSENGER VEHICLE,PASSENGER VEHICLE,,,
01/01/2016,15:00,QUEENS,11377,40.742805,-73.9042774,"(40.742805, -73.9042774)",60 STREET,43 AVENUE,,0,0,0,0,0,0,0,0,Driver Inattention/Distraction,Unspecified,,,,3363932,SPORT UTILITY / STATION WAGON,PASSENGER VEHICLE,,,
01/01/2016,15:00,BROOKLYN,11201,40.687993,-73.9896117,"(40.687993, -73.9896117)",PACIFIC STREET,SMITH STREET,,0,0,0,0,0,0,0,0,Unspecified,Unspecified,,,,3363852,SPORT UTILITY / STATION WAGON,UNKNOWN,,,
01/01/2016,15:00,BRONX,10468,40.8628153,-73.90755,"(40.8628153, -73.90755)",WEST FORDHAM ROAD,LORING PLACE NORTH,,0,0,0,0,0,0,0,0,Unspecified,Unspecified,,,,3363476,SPORT UTILITY / STATION WAGON,UNKNOWN,,,
01/01/2016,14:58,BROOKLYN,11230,40.6119531,-73.9681646,"(40.6119531, -73.9681646)",OCEAN PARKWAY,AVENUE O,,0,0,0,0,0,0,0,0,Driver Inattention/Distraction,Unspecified,,,,3363495,SPORT UTILITY / STATION WAGON,PASSENGER VEHICLE,,,
01/01/2016,14:54,MANHATTAN,10035,40.7966809,-73.9349137,"(40.7966809, -73.9349137)",EAST 117 STREET,1 AVENUE,,0,0,0,0,0,0,0,0,Unspecified,Unspecified,,,,3367010,OTHER,VAN,,,
01/01/2016,14:50,QUEENS,11413,40.6788433,-73.754179,"(40.6788433, -73.754179)",SPRINGFIELD BOULEVARD,135 AVENUE,,2,0,0,0,0,0,2,0,Physical Disability,Unspecified,,,,3364942,SPORT UTILITY / STATION WAGON,PASSENGER VEHICLE,,,
01/01/2016,14:50,,,40.7816495,-73.8366945,"(40.7816495, -73.8366945)",,,PARKING LOT 132 ST & 20 AVE,0,0,0,0,0,0,0,0,Unspecified,Unspecified,,,,3363954,SPORT UTILITY / STATION WAGON,,,,
01/01/2016,14:50,QUEENS,11373,40.7372527,-73.8660933,"(40.7372527, -73.8660933)",JUNCTION BOULEVARD,56 AVENUE,,0,0,0,0,0,0,0,0,Unspecified,Unspecified,,,,3364377,PASSENGER VEHICLE,SPORT UTILITY / STATION WAGON,,,
01/01/2016,14:45,QUEENS,11355,40.7538316,-73.818409,"(40.7538316, -73.818409)",45 AVENUE,BOWNE STREET,,0,0,0,0,0,0,0,0,Backing Unsafely,Lost Consciousness,,,,3363957,SPORT UTILITY / STATION WAGON,PASSENGER VEHICLE,,,
01/01/2016,14:45,BROOKLYN,11249,40.7178613,-73.9622195,"(40.7178613, -73.9622195)",WYTHE AVENUE,NORTH 4 STREET,,0,0,0,0,0,0,0,0,Failure to Yield Right-of-Way,Unspecified,,,,3363871,PASSENGER VEHICLE,PASSENGER VEHICLE,,,
01/01/2016,14:40,,,40.7571844,-73.8339571,"(40.7571844, -73.8339571)",,,PARKING LOT 40 24 COLLEGE POINT BLVD,0,0,0,0,0,0,0,0,Backing Unsafely,,,,,3363953,SPORT UTILITY / STATION WAGON,,,,
01/01/2016,14:40,STATEN ISLAND,10309,40.527667,-74.2302289,"(40.527667, -74.2302289)",VETERANS ROAD WEST,TYRELLAN AVENUE,,0,0,0,0,0,0,0,0,Driver Inattention/Distraction,Unspecified,,,,3364013,SPORT UTILITY / STATION WAGON,SPORT UTILITY / STATION WAGON,,,
01/01/2016,14:37,,,40.7334255,-73.9744628,"(40.7334255, -73.9744628)",,,,0,0,0,0,0,0,0,0,Drugs (Illegal),,,,,3363619,VAN,,,,
01/01/2016,14:35,BROOKLYN,11214,40.6068878,-73.9958836,"(40.6068878, -73.9958836)",82 STREET,20 AVENUE,,0,0,0,0,0,0,0,0,Unspecified,Unspecified,,,,3363765,PASSENGER VEHICLE,UNKNOWN,,,
01/01/2016,14:32,BRONX,10460,40.8452032,-73.8867451,"(40.8452032, -73.8867451)",EAST 179 STREET,MAPES AVENUE,,0,0,0,0,0,0,0,0,Traffic Control Device Improper/Non-Working,Traffic Control Device Improper/Non-Working,,,,3363733,PASSENGER VEHICLE,PASSENGER VEHICLE,,,
01/01/2016,14:30,BROOKLYN,11209,40.6270108,-74.0325559,"(40.6270108, -74.0325559)",RIDGE BOULEVARD,82 STREET,,1,0,0,0,1,0,0,0,Unspecified,Unspecified,,,,3363507,LIVERY VEHICLE,BICYCLE,,,
01/01/2016,14:28,MANHATTAN,10029,40.7871194,-73.9479233,"(40.7871194, -73.9479233)",EAST 99 STREET,3 AVENUE,,0,0,0,0,0,0,0,0,Unspecified,Unspecified,,,,3363649,PASSENGER VEHICLE,UNKNOWN,,,
01/01/2016,14:28,BROOKLYN,11215,40.6592523,-73.9884304,"(40.6592523, -73.9884304)",7 AVENUE,20 STREET,,0,0,0,0,0,0,0,0,Driver Inexperience,Unspecified,,,,3363794,PASSENGER VEHICLE,UNKNOWN,,,
01/01/2016,14:25,,,,,,,,,0,0,0,0,0,0,0,0,Unspecified,Unspecified,,,,3363464,PASSENGER VEHICLE,UNKNOWN,,,
01/01/2016,14:25,BROOKLYN,11229,40.6093329,-73.9484149,"(40.6093329, -73.9484149)",BEDFORD AVENUE,QUENTIN ROAD,,0,0,0,0,0,0,0,0,Physical Disability,Physical Disability,,,,3363478,PASSENGER VEHICLE,SPORT UTILITY / STATION WAGON,,,
01/01/2016,14:21,BROOKLYN,11231,40.6717578,-74.0091277,"(40.6717578, -74.0091277)",COLUMBIA STREET,HALLECK STREET,,0,0,0,0,0,0,0,0,Unspecified,Unspecified,,,,3363814,PASSENGER VEHICLE,OTHER,,,
01/01/2016,14:20,,,,,,,,,0,0,0,0,0,0,0,0,Backing Unsafely,Unspecified,,,,3363598,OTHER,SPORT UTILITY / STATION WAGON,,,
01/01/2016,14:20,MANHATTAN,10030,40.818472,-73.941392,"(40.818472, -73.941392)",WEST 140 STREET,7 AVENUE,,0,0,0,0,0,0,0,0,Unspecified,Unspecified,,,,3363673,PASSENGER VEHICLE,UNKNOWN,,,
01/01/2016,14:15,QUEENS,11354,40.765057,-73.8129201,"(40.765057, -73.8129201)",MURRAY STREET,NORTHERN BOULEVARD,,0,0,0,0,0,0,0,0,Driver Inattention/Distraction,Driver Inattention/Distraction,,,,3363938,PASSENGER VEHICLE,SPORT UTILITY / STATION WAGON,,,
01/01/2016,14:14,STATEN ISLAND,10306,40.5786298,-74.1154236,"(40.5786298, -74.1154236)",RICHMOND ROAD,BRYANT AVENUE,,0,0,0,0,0,0,0,0,Traffic Control Disregarded,,,,,3363596,PASSENGER VEHICLE,,,,
01/01/2016,14:00,QUEENS,11429,40.7082145,-73.7329197,"(40.7082145, -73.7329197)",223 STREET,108 AVENUE,,2,0,0,0,0,0,2,0,Failure to Yield Right-of-Way,Unspecified,,,,3363554,PASSENGER VEHICLE,PASSENGER VEHICLE,,,
01/01/2016,14:00,,,,,,,,,0,0,0,0,0,0,0,0,Fatigued/Drowsy,Unspecified,Unspecified,,,3363600,SPORT UTILITY / STATION WAGON,VAN,SPORT UTILITY / STATION WAGON,,
01/01/2016,14:00,QUEENS,11004,40.74709,-73.711846,"(40.74709, -73.711846)",UNION TURNPIKE,260 STREET,,0,0,0,0,0,0,0,0,Unspecified,Unspecified,,,,3363555,UNKNOWN,UNKNOWN,,,
01/01/2016,13:45,,,40.8063462,-73.9331715,"(40.8063462, -73.9331715)",,,,0,0,0,0,0,0,0,0,Unspecified,Unspecified,,,,3363410,SPORT UTILITY / STATION WAGON,PASSENGER VEHICLE,,,
01/01/2016,13:45,QUEENS,11378,40.7239206,-73.8943363,"(40.7239206, -73.8943363)",69 STREET,58 ROAD,,0,0,0,0,0,0,0,0,Unspecified,Unspecified,,,,3363545,UNKNOWN,,,,
01/01/2016,13:40,BRONX,10472,40.8262791,-73.8767251,"(40.8262791, -73.8767251)",WARD AVENUE,WATSON AVENUE,,2,0,0,0,0,0,2,0,Failure to Keep Right,Unspecified,,,,3363429,SPORT UTILITY / STATION WAGON,PASSENGER VEHICLE,,,
01/01/2016,13:40,QUEENS,11413,40.6663994,-73.7533669,"(40.6663994, -73.7533669)",NORTH CONDUIT AVENUE,143 ROAD,,1,0,0,0,0,0,1,0,Unspecified,Unspecified,,,,3363552,SPORT UTILITY / STATION WAGON,SPORT UTILITY / STATION WAGON,,,
01/01/2016,13:35,,,,,,,,,4,0,0,0,0,0,4,0,Fatigued/Drowsy,Unspecified,Unspecified,,,3363511,SPORT UTILITY / STATION WAGON,PASSENGER VEHICLE,VAN,,
01/01/2016,13:30,,,,,,NEW STREET,PARK AVENUE,,0,0,0,0,0,0,0,0,Driver Inexperience,Driver Inexperience,Unspecified,,,3364002,SPORT UTILITY / STATION WAGON,UNKNOWN,SPORT UTILITY / STATION WAGON,,
01/01/2016,13:30,QUEENS,11378,40.7239206,-73.8943363,"(40.7239206, -73.8943363)",69 STREET,58 ROAD,,0,0,0,0,0,0,0,0,Unspecified,Unspecified,,,,3363546,UNKNOWN,,,,
01/01/2016,13:30,BROOKLYN,11226,40.6529272,-73.9593299,"(40.6529272, -73.9593299)",CATON AVENUE,FLATBUSH AVENUE,,0,0,0,0,0,0,0,0,Unspecified,Unspecified,,,,3363515,PASSENGER VEHICLE,PASSENGER VEHICLE,,,
01/01/2016,13:26,QUEENS,11375,40.7117051,-73.8447618,"(40.7117051, -73.8447618)",ASCAN AVENUE,KESSEL STREET,,0,0,0,0,0,0,0,0,Fatigued/Drowsy,Unspecified,,,,3363978,PASSENGER VEHICLE,SPORT UTILITY / STATION WAGON,,,
01/01/2016,13:20,BRONX,10468,40.8628153,-73.90755,"(40.8628153, -73.90755)",WEST FORDHAM ROAD,LORING PLACE NORTH,,0,0,0,0,0,0,0,0,Driver Inattention/Distraction,Unspecified,,,,3363474,PASSENGER VEHICLE,UNKNOWN,,,
01/01/2016,13:02,BROOKLYN,11221,40.6921959,-73.9248756,"(40.6921959, -73.9248756)",GOODWIN PLACE,GREENE AVENUE,,0,0,0,0,0,0,0,0,Unspecified,Unspecified,,,,3363844,PASSENGER VEHICLE,UNKNOWN,,,
01/01/2016,13:00,BROOKLYN,11233,40.6844498,-73.9203052,"(40.6844498, -73.9203052)",MACON STREET,HOWARD AVENUE,,0,0,0,0,0,0,0,0,Unspecified,Unspecified,,,,3363834,SPORT UTILITY / STATION WAGON,UNKNOWN,,,
01/01/2016,12:55,QUEENS,11354,40.7681682,-73.8242112,"(40.7681682, -73.8242112)",33 AVENUE,PARSONS BOULEVARD,,0,0,0,0,0,0,0,0,Prescription Medication,Unspecified,,,,3363941,SPORT UTILITY / STATION WAGON,SPORT UTILITY / STATION WAGON,,,
01/01/2016,12:50,QUEENS,11415,40.7109458,-73.828099,"(40.7109458, -73.828099)",83 AVENUE,KEW GARDENS ROAD,,0,0,0,0,0,0,0,0,Driver Inattention/Distraction,Unspecified,,,,3363879,PASSENGER VEHICLE,UNKNOWN,,,
01/01/2016,12:45,QUEENS,11355,40.755392,-73.8282803,"(40.755392, -73.8282803)",MAPLE AVENUE,MAIN STREET,,0,0,0,0,0,0,0,0,Lost Consciousness,Unspecified,,,,3363943,PASSENGER VEHICLE,SPORT UTILITY / STATION WAGON,,,
01/01/2016,12:45,BROOKLYN,11219,40.6327848,-73.9944517,"(40.6327848, -73.9944517)",13 AVENUE,53 STREET,,0,0,0,0,0,0,0,0,Lost Consciousness,Unspecified,,,,3363492,SPORT UTILITY / STATION WAGON,PASSENGER VEHICLE,,,
01/01/2016,12:43,BROOKLYN,11218,40.6453166,-73.970545,"(40.6453166, -73.970545)",CONEY ISLAND AVENUE,TURNER PLACE,,0,0,0,0,0,0,0,0,Unspecified,Unspecified,,,,3363493,PASSENGER VEHICLE,PASSENGER VEHICLE,,,
01/01/2016,12:35,MANHATTAN,10033,40.8486847,-73.9392147,"(40.8486847, -73.9392147)",FORT WASHINGTON AVENUE,WEST 178 STREET,,0,0,0,0,0,0,0,0,Driver Inattention/Distraction,Driver Inattention/Distraction,,,,3363413,TAXI,SPORT UTILITY / STATION WAGON,,,
01/01/2016,12:30,BROOKLYN,11233,40.6694768,-73.9199662,"(40.6694768, -73.9199662)",EASTERN PARKWAY,HOWARD AVENUE,,2,0,0,0,0,0,2,0,Lost Consciousness,Turning Improperly,,,,3364810,SPORT UTILITY / STATION WAGON,SPORT UTILITY / STATION WAGON,,,
01/01/2016,12:30,QUEENS,11103,40.7653354,-73.9061114,"(40.7653354, -73.9061114)",47 STREET,25 AVENUE,,0,0,0,0,0,0,0,0,Unspecified,Unspecified,,,,3364451,SPORT UTILITY / STATION WAGON,UNKNOWN,,,
01/01/2016,12:30,BRONX,10469,40.8775707,-73.8564306,"(40.8775707, -73.8564306)",EAST 214 STREET,PAULDING AVENUE,,0,0,0,0,0,0,0,0,Unspecified,Unspecified,,,,3363721,OTHER,OTHER,,,
01/01/2016,9:50,BROOKLYN,11230,40.6119531,-73.9681646,"(40.6119531, -73.9681646)",OCEAN PARKWAY,AVENUE O,,0,0,0,0,0,0,0,0,Lost Consciousness,Unspecified,,,,3365311,PASSENGER VEHICLE,BICYCLE,,,
01/01/2016,9:45,,,40.6502769,-74.0117472,"(40.6502769, -74.0117472)",,,,0,0,0,0,0,0,0,0,Driver Inattention/Distraction,Outside Car Distraction,Outside Car Distraction,Failure to Yield Right-of-Way,,3363795,SPORT UTILITY / STATION WAGON,SPORT UTILITY / STATION WAGON,SPORT UTILITY / STATION WAGON,UNKNOWN,
01/01/2016,9:45,BROOKLYN,11207,40.6618355,-73.8931046,"(40.6618355, -73.8931046)",PENNSYLVANIA AVENUE,NEW LOTS AVENUE,,0,0,0,0,0,0,0,0,Lost Consciousness,Unspecified,,,,3363804,SPORT UTILITY / STATION WAGON,SPORT UTILITY / STATION WAGON,,,
01/01/2016,9:45,BRONX,10461,40.8544685,-73.8339058,"(40.8544685, -73.8339058)",HUTCHINSON RIVER PARKWAY EAST,MAYFLOWER AVENUE,,0,0,0,0,0,0,0,0,Unsafe Speed,Unspecified,,,,3363435,PASSENGER VEHICLE,OTHER,,,
01/01/2016,9:42,BROOKLYN,11233,40.6761315,-73.9219014,"(40.6761315, -73.9219014)",PACIFIC STREET,RALPH AVENUE,,0,0,0,0,0,0,0,0,Unspecified,Unspecified,,,,3363823,SPORT UTILITY / STATION WAGON,PASSENGER VEHICLE,,,
01/01/2016,9:40,QUEENS,11358,40.7614079,-73.8038446,"(40.7614079, -73.8038446)",162 STREET,STATION ROAD,,0,0,0,0,0,0,0,0,Unspecified,,,,,3363951,SPORT UTILITY / STATION WAGON,SPORT UTILITY / STATION WAGON,,,
01/01/2016,9:33,BROOKLYN,11207,40.657591,-73.8834919,"(40.657591, -73.8834919)",WORTMAN AVENUE,VAN SICLEN AVENUE,,0,0,0,0,0,0,0,0,Lost Consciousness,Reaction to Other Uninvolved Vehicle,,,,3363806,PASSENGER VEHICLE,PASSENGER VEHICLE,,,
01/01/2016,9:30,MANHATTAN,10003,40.7333357,-73.9831855,"(40.7333357, -73.9831855)",PERLMAN PLACE,EAST 16 STREET,,0,0,0,0,0,0,0,0,Unspecified,,,,,3363378,PASSENGER VEHICLE,,,,
01/01/2016,9:30,BROOKLYN,11207,40.6630951,-73.8843005,"(40.6630951, -73.8843005)",BARBEY STREET,HEGEMAN AVENUE,,0,0,0,0,0,0,0,0,Unspecified,Unspecified,,,,3363811,PASSENGER VEHICLE,UNKNOWN,,,
01/01/2016,9:11,,,40.8408274,-73.9459579,"(40.8408274, -73.9459579)",,,,0,0,0,0,0,0,0,0,Obstruction/Debris,,,,,3363412,PASSENGER VEHICLE,,,,
01/01/2016,9:10,QUEENS,11385,40.7034347,-73.9118069,"(40.7034347, -73.9118069)",CYPRESS AVENUE,MENAHAN STREET,,0,0,0,0,0,0,0,0,Unspecified,Unspecified,,,,3363904,PASSENGER VEHICLE,,,,
01/01/2016,9:05,BROOKLYN,11236,40.6320133,-73.9056036,"(40.6320133, -73.9056036)",EAST 83 STREET,AVENUE L,,0,0,0,0,0,0,0,0,Cell Phone (hand-held),Unspecified,,,,3365366,PASSENGER VEHICLE,UNKNOWN,,,
01/01/2016,9:00,BROOKLYN,11226,40.6529272,-73.9593299,"(40.6529272, -73.9593299)",CATON AVENUE,FLATBUSH AVENUE,,0,0,0,0,0,0,0,0,Driver Inattention/Distraction,Driver Inattention/Distraction,,,,3370101,PASSENGER VEHICLE,SPORT UTILITY / STATION WAGON,,,
01/01/2016,8:52,QUEENS,11370,40.7650136,-73.8870909,"(40.7650136, -73.8870909)",ASTORIA BOULEVARD,82 STREET,,0,0,0,0,0,0,0,0,Turning Improperly,Unspecified,,,,3364457,SPORT UTILITY / STATION WAGON,TAXI,,,
01/01/2016,8:45,BROOKLYN,11206,40.7064415,-73.9448015,"(40.7064415, -73.9448015)",MANHATTAN AVENUE,JOHNSON AVENUE,,0,0,0,0,0,0,0,0,Unspecified,,,,,3363858,SPORT UTILITY / STATION WAGON,UNKNOWN,,,
01/01/2016,8:40,,,40.7170219,-73.830499,"(40.7170219, -73.830499)",,,,0,0,0,0,0,0,0,0,Turning Improperly,Unspecified,,,,3365001,PASSENGER VEHICLE,TAXI,,,
01/01/2016,8:35,BROOKLYN,11237,40.6991661,-73.914914,"(40.6991661, -73.914914)",GROVE STREET,MYRTLE AVENUE,,0,0,0,0,0,0,0,0,Unspecified,Unspecified,,,,3363845,SPORT UTILITY / STATION WAGON,UNKNOWN,,,
01/01/2016,12:30,BRONX,10451,40.8148803,-73.9288555,"(40.8148803, -73.9288555)",GRAND CONCOURSE,EAST 140 STREET,,0,0,0,0,0,0,0,0,Unspecified,Unspecified,,,,3363683,PASSENGER VEHICLE,SPORT UTILITY / STATION WAGON,,,
01/01/2016,12:12,BROOKLYN,11230,40.6199832,-73.9642669,"(40.6199832, -73.9642669)",CONEY ISLAND AVENUE,AVENUE L,,0,0,0,0,0,0,0,0,Unspecified,Unspecified,,,,3365323,PASSENGER VEHICLE,PASSENGER VEHICLE,,,
01/01/2016,12:10,,,,,,LINDEN PLACE,WHITESTONE EXPRESSWAY,,0,0,0,0,0,0,0,0,Fatigued/Drowsy,Unspecified,,,,3363944,PASSENGER VEHICLE,PASSENGER VEHICLE,,,
01/01/2016,12:05,BROOKLYN,11232,40.6444777,-74.0002126,"(40.6444777, -74.0002126)",8 AVENUE,44 STREET,,0,0,0,0,0,0,0,0,Unspecified,Unspecified,,,,3363490,SPORT UTILITY / STATION WAGON,UNKNOWN,,,
01/01/2016,12:00,,,,,,WHITE PLAINS ROAD,WESTCHESTER AVENUE,,0,0,0,0,0,0,0,0,Driver Inattention/Distraction,Driver Inattention/Distraction,,,,3363430,PASSENGER VEHICLE,PASSENGER VEHICLE,,,
01/01/2016,12:00,MANHATTAN,10034,40.8589127,-73.9229593,"(40.8589127, -73.9229593)",10 AVENUE,DYCKMAN STREET,,0,0,0,0,0,0,0,0,Unspecified,Unspecified,,,,3363417,PASSENGER VEHICLE,UNKNOWN,,,
01/01/2016,11:50,QUEENS,11101,40.75443,-73.9160742,"(40.75443, -73.9160742)",46 STREET,34 AVENUE,,0,0,0,0,0,0,0,0,Unspecified,,,,,3364450,UNKNOWN,,,,
01/01/2016,11:45,QUEENS,11411,40.6980181,-73.7440177,"(40.6980181, -73.7440177)",116 AVENUE,NASHVILLE BOULEVARD,,0,0,0,0,0,0,0,0,Unspecified,Unspecified,,,,3363921,PASSENGER VEHICLE,UNKNOWN,,,
01/01/2016,11:40,QUEENS,11102,40.7726989,-73.9326843,"(40.7726989, -73.9326843)",ASTORIA BOULEVARD,8 STREET,,1,0,0,0,1,0,0,0,Physical Disability,Unspecified,,,,3364419,PASSENGER VEHICLE,BICYCLE,,,
01/01/2016,11:40,BRONX,10459,40.8188902,-73.8960823,"(40.8188902, -73.8960823)",INTERVALE AVENUE,BECK STREET,,0,0,0,0,0,0,0,0,Unspecified,Unspecified,,,,3363422,PASSENGER VEHICLE,UNKNOWN,,,
01/01/2016,11:30,MANHATTAN,10013,40.7256734,-74.0057798,"(40.7256734, -74.0057798)",VARICK STREET,SPRING STREET,,2,0,0,0,0,0,2,0,Prescription Medication,Unspecified,,,,3363357,TAXI,PASSENGER VEHICLE,,,
01/01/2016,11:30,BROOKLYN,11209,40.6148138,-74.0294019,"(40.6148138, -74.0294019)",95 STREET,FORT HAMILTON PARKWAY,,0,0,0,0,0,0,0,0,Unspecified,Unspecified,,,,3363508,PASSENGER VEHICLE,UNKNOWN,,,
01/01/2016,11:27,MANHATTAN,10010,40.7387967,-73.977147,"(40.7387967, -73.977147)",1 AVENUE,EAST 26 STREET,,0,0,0,0,0,0,0,0,Illness,Driver Inattention/Distraction,Unspecified,,,3363377,TAXI,PICK-UP TRUCK,TAXI,,
01/01/2016,11:10,QUEENS,11370,40.7630535,-73.8867296,"(40.7630535, -73.8867296)",82 STREET,25 AVENUE,,0,0,0,0,0,0,0,0,Alcohol Involvement,,,,,3363995,UNKNOWN,,,,
01/01/2016,11:00,,,40.7819374,-73.9442713,"(40.7819374, -73.9442713)",,,,0,0,0,0,0,0,0,0,Turning Improperly,Unspecified,Unspecified,,,3363402,SPORT UTILITY / STATION WAGON,PASSENGER VEHICLE,TAXI,,
01/01/2016,2:00,MANHATTAN,10027,40.8089731,-73.9483252,"(40.8089731, -73.9483252)",WEST 125 STREET,7 AVENUE,,0,0,0,0,0,0,0,0,Driver Inattention/Distraction,Unspecified,,,,3365156,SPORT UTILITY / STATION WAGON,PASSENGER VEHICLE,,,
01/01/2016,2:00,MANHATTAN,10014,40.7407008,-74.0089603,"(40.7407008, -74.0089603)",WEST STREET,LITTLE WEST 12 STREET,,0,0,0,0,0,0,0,0,Fatigued/Drowsy,Unspecified,,,,3363610,TAXI,SPORT UTILITY / STATION WAGON,,,
01/01/2016,2:00,BROOKLYN,11213,40.6636209,-73.9306857,"(40.6636209, -73.9306857)",EAST NEW YORK AVENUE,EAST 91 STREET,,0,0,0,0,0,0,0,0,Alcohol Involvement,Unspecified,,,,3363788,PASSENGER VEHICLE,PASSENGER VEHICLE,,,
01/01/2016,23:55,BROOKLYN,11201,40.6922334,-73.9872996,"(40.6922334, -73.9872996)",JAY STREET,WILLOUGHBY STREET,,0,0,0,0,0,0,0,0,Driver Inattention/Distraction,Unspecified,,,,3363854,SPORT UTILITY / STATION WAGON,SPORT UTILITY / STATION WAGON,,,
01/01/2016,23:25,QUEENS,11412,40.7088094,-73.7587178,"(40.7088094, -73.7587178)",200 STREET,104 AVENUE,,0,0,0,0,0,0,0,0,Alcohol Involvement,Unspecified,Unspecified,Unspecified,,3363898,SPORT UTILITY / STATION WAGON,PASSENGER VEHICLE,PASSENGER VEHICLE,SPORT UTILITY / STATION WAGON,
01/01/2016,23:20,,,,,,6 STREET,7 AVENUE,,0,0,0,0,0,0,0,0,Unspecified,Unspecified,,,,3363832,PASSENGER VEHICLE,PASSENGER VEHICLE,,,
01/01/2016,23:15,QUEENS,11374,40.7133793,-73.8596555,"(40.7133793, -73.8596555)",WOODHAVEN BOULEVARD,COOPER AVENUE,,0,0,0,0,0,0,0,0,Unspecified,Unspecified,,,,3363910,PASSENGER VEHICLE,PASSENGER VEHICLE,,,
01/01/2016,23:15,BRONX,10467,40.8711195,-73.8768264,"(40.8711195, -73.8768264)",EAST 204 STREET,WEBSTER AVENUE,,0,0,0,0,0,0,0,0,Backing Unsafely,Unspecified,,,,3363744,TAXI,PASSENGER VEHICLE,,,
01/01/2016,23:05,STATEN ISLAND,10305,40.6012042,-74.0650758,"(40.6012042, -74.0650758)",LILY POND AVENUE,NARROWS ROAD SOUTH,,1,0,0,0,0,0,1,0,Fatigued/Drowsy,Unspecified,,,,3363601,PASSENGER VEHICLE,SPORT UTILITY / STATION WAGON,,,
01/01/2016,23:00,,,,,,39 AVENUE,FRANCIS LEWIS BOULEVARD,,0,0,0,0,0,0,0,0,Unspecified,Unspecified,Unspecified,Unspecified,,3363971,PASSENGER VEHICLE,SPORT UTILITY / STATION WAGON,PASSENGER VEHICLE,PASSENGER VEHICLE,
01/01/2016,23:00,QUEENS,11004,40.737446,-73.7122738,"(40.737446, -73.7122738)",83 AVENUE,256 STREET,,0,0,0,0,0,0,0,0,Unspecified,Unspecified,,,,3363919,PASSENGER VEHICLE,UNKNOWN,,,
01/01/2016,23:00,BROOKLYN,11238,40.6732927,-73.9570211,"(40.6732927, -73.9570211)",FRANKLIN AVENUE,STERLING PLACE,,0,0,0,0,0,0,0,0,Unspecified,Unspecified,,,,3364853,SPORT UTILITY / STATION WAGON,UNKNOWN,,,
01/01/2016,22:50,,,,,,,,PARKING LOT OF 198-15 GCP,0,0,0,0,0,0,0,0,Unspecified,Unspecified,,,,3363928,PASSENGER VEHICLE,PASSENGER VEHICLE,,,
01/01/2016,22:50,STATEN ISLAND,10312,40.5534332,-74.1682067,"(40.5534332, -74.1682067)",RICHMOND AVENUE,SCRANTON AVENUE,,0,0,0,0,0,0,0,0,Driver Inattention/Distraction,Unspecified,,,,3364011,PASSENGER VEHICLE,SPORT UTILITY / STATION WAGON,,,
01/01/2016,22:46,BRONX,10463,40.8870811,-73.9041347,"(40.8870811, -73.9041347)",WALDO AVENUE,WEST 238 STREET,,0,0,0,0,0,0,0,0,Aggressive Driving/Road Rage,Unspecified,,,,3365271,SPORT UTILITY / STATION WAGON,SPORT UTILITY / STATION WAGON,,,
01/01/2016,22:45,MANHATTAN,10013,40.7237466,-74.0061151,"(40.7237466, -74.0061151)",VARICK STREET,WATTS STREET,,0,0,0,0,0,0,0,0,Unspecified,Unspecified,,,,3363604,SPORT UTILITY / STATION WAGON,SPORT UTILITY / STATION WAGON,,,
01/01/2016,22:45,BROOKLYN,11208,40.6819209,-73.8660205,"(40.6819209, -73.8660205)",ELDERTS LANE,95 AVENUE,,0,0,0,0,0,0,0,0,Backing Unsafely,Unspecified,,,,3364216,SPORT UTILITY / STATION WAGON,TAXI,,,
01/01/2016,22:40,MANHATTAN,10002,40.7131792,-73.9925007,"(40.7131792, -73.9925007)",PIKE STREET,HENRY STREET,,0,0,0,0,0,0,0,0,Prescription Medication,Unspecified,,,,3363608,PASSENGER VEHICLE,SPORT UTILITY / STATION WAGON,,,
01/01/2016,22:40,MANHATTAN,10001,40.7509908,-73.9906233,"(40.7509908, -73.9906233)",WEST 34 STREET,7 AVENUE,,0,0,0,0,0,0,0,0,Driver Inattention/Distraction,Unspecified,,,,3363629,SPORT UTILITY / STATION WAGON,SPORT UTILITY / STATION WAGON,,,
01/01/2016,22:35,BRONX,10456,40.8294526,-73.9065701,"(40.8294526, -73.9065701)",3 AVENUE,EAST 167 STREET,,0,0,0,0,0,0,0,0,Failure to Yield Right-of-Way,Unspecified,,,,3363697,PASSENGER VEHICLE,PASSENGER VEHICLE,,,
01/01/2016,22:30,MANHATTAN,10009,40.7251925,-73.9870443,"(40.7251925, -73.9870443)",1 AVENUE,EAST 4 STREET,,0,0,0,0,0,0,0,0,Unspecified,Unspecified,,,,3363612,SPORT UTILITY / STATION WAGON,PASSENGER VEHICLE,,,
01/01/2016,22:20,BROOKLYN,11211,40.7143843,-73.933443,"(40.7143843, -73.933443)",METROPOLITAN AVENUE,VANDERVOORT AVENUE,,2,0,0,0,0,0,2,0,Failure to Yield Right-of-Way,Unspecified,,,,3363864,FIRE TRUCK,PASSENGER VEHICLE,,,
01/01/2016,22:20,QUEENS,11368,40.7452661,-73.8559506,"(40.7452661, -73.8559506)",49 AVENUE,108 STREET,,0,0,0,0,0,0,0,0,Unspecified,Unspecified,,,,3363969,PASSENGER VEHICLE,PASSENGER VEHICLE,,,
01/01/2016,22:15,MANHATTAN,10001,40.7503184,-73.9911106,"(40.7503184, -73.9911106)",WEST 33 STREET,7 AVENUE,,0,0,0,0,0,0,0,0,Turning Improperly,Unspecified,,,,3363628,PASSENGER VEHICLE,TAXI,,,
01/01/2016,22:10,QUEENS,11421,40.6891997,-73.8523216,"(40.6891997, -73.8523216)",91 STREET,91 AVENUE,,0,0,0,0,0,0,0,0,Driver Inattention/Distraction,Unspecified,,,,3363884,PASSENGER VEHICLE,PASSENGER VEHICLE,,,
01/01/2016,21:53,,,40.7311304,-73.8736055,"(40.7311304, -73.8736055)",,,,0,0,0,0,0,0,0,0,Unspecified,Unspecified,,,,3363909,PASSENGER VEHICLE,PASSENGER VEHICLE,,,
01/01/2016,21:50,BRONX,10469,40.879465,-73.8524848,"(40.879465, -73.8524848)",LACONIA AVENUE,EAST 218 STREET,,1,0,0,0,0,0,1,0,Unspecified,Unspecified,,,,3363727,OTHER,SPORT UTILITY / STATION WAGON,,,
01/01/2016,21:45,BROOKLYN,11221,40.687076,-73.9235436,"(40.687076, -73.9235436)",PUTNAM AVENUE,RALPH AVENUE,,0,0,0,0,0,0,0,0,Unspecified,Unspecified,,,,3363835,UNKNOWN,BICYCLE,,,
01/01/2016,21:41,QUEENS,11101,40.753636,-73.918923,"(40.753636, -73.918923)",35 AVENUE,NORTHERN BOULEVARD,,0,0,0,0,0,0,0,0,Backing Unsafely,Unspecified,,,,3364421,SPORT UTILITY / STATION WAGON,PASSENGER VEHICLE,,,
01/01/2016,21:30,,,,,,LINDEN BOULEVARD,VAN SINDEREN AVENUE,,2,0,0,0,0,0,2,0,Unspecified,Unspecified,,,,3367183,TAXI,PASSENGER VEHICLE,,,
01/01/2016,21:20,QUEENS,11375,40.7118249,-73.8361153,"(40.7118249, -73.8361153)",UNION TURNPIKE,MARKWOOD PLACE,,1,0,0,0,0,0,1,0,Unspecified,Unspecified,Unspecified,Unspecified,Unspecified,3363980,PASSENGER VEHICLE,PASSENGER VEHICLE,PASSENGER VEHICLE,SPORT UTILITY / STATION WAGON,PASSENGER VEHICLE
01/01/2016,21:20,MANHATTAN,10036,40.7579729,-73.9855364,"(40.7579729, -73.9855364)",WEST 45 STREET,7 AVENUE,,0,0,0,0,0,0,0,0,Driver Inattention/Distraction,Unspecified,,,,3364566,PASSENGER VEHICLE,BUS,,,
01/01/2016,21:20,BROOKLYN,11229,40.6094367,-73.9474532,"(40.6094367, -73.9474532)",QUENTIN ROAD,EAST 26 STREET,,0,0,0,0,0,0,0,0,Passenger Distraction,Unspecified,,,,3363756,PASSENGER VEHICLE,UNKNOWN,,,
01/01/2016,21:18,QUEENS,11419,40.6885363,-73.8309909,"(40.6885363, -73.8309909)",101 AVENUE,113 STREET,,0,0,0,0,0,0,0,0,Driver Inattention/Distraction,Driver Inattention/Distraction,,,,3363883,TAXI,PASSENGER VEHICLE,,,
01/01/2016,21:12,MANHATTAN,10025,40.7921853,-73.968017,"(40.7921853, -73.968017)",WEST 95 STREET,COLUMBUS AVENUE,,1,0,1,0,0,0,0,0,Driver Inattention/Distraction,,,,,3363652,TAXI,,,,
01/01/2016,21:04,BROOKLYN,11213,40.6686479,-73.9283482,"(40.6686479, -73.9283482)",EASTERN PARKWAY,ROCHESTER AVENUE,,0,0,0,0,0,0,0,0,Unspecified,Unspecified,,,,3363828,PASSENGER VEHICLE,PASSENGER VEHICLE,,,
01/01/2016,21:00,QUEENS,11373,40.7393958,-73.8779179,"(40.7393958, -73.8779179)",BROADWAY,CORONA AVENUE,,3,0,0,0,0,0,3,0,Unspecified,Unspecified,,,,3363968,SPORT UTILITY / STATION WAGON,SPORT UTILITY / STATION WAGON,,,
01/01/2016,20:55,BRONX,10453,40.8468783,-73.9206057,"(40.8468783, -73.9206057)",UNIVERSITY AVENUE,WEST 174 STREET,,1,0,1,0,0,0,0,0,Unspecified,,,,,3363445,UNKNOWN,,,,
01/01/2016,20:50,,,,,,,,F/O 1801 RICHMOND AVENUE,0,0,0,0,0,0,0,0,Fatigued/Drowsy,Unspecified,,,,3364003,SPORT UTILITY / STATION WAGON,PASSENGER VEHICLE,,,
01/01/2016,20:45,MANHATTAN,10017,40.7534818,-73.9808885,"(40.7534818, -73.9808885)",WEST 42 STREET,5 AVENUE,,0,0,0,0,0,0,0,0,Backing Unsafely,Unspecified,,,,3363630,SPORT UTILITY / STATION WAGON,PASSENGER VEHICLE,,,
01/01/2016,20:45,BROOKLYN,11201,40.6960346,-73.9845292,"(40.6960346, -73.9845292)",FLATBUSH AVENUE EXTENSION,TILLARY STREET,,0,0,0,0,0,0,0,0,Fatigued/Drowsy,Unspecified,,,,3363851,SPORT UTILITY / STATION WAGON,UNKNOWN,,,
01/01/2016,20:40,STATEN ISLAND,10306,40.5539728,-74.1310852,"(40.5539728, -74.1310852)",HYLAN BOULEVARD,OVIS PLACE,,0,0,0,0,0,0,0,0,Outside Car Distraction,Outside Car Distraction,,,,3364008,PASSENGER VEHICLE,SPORT UTILITY / STATION WAGON,,,
01/01/2016,20:35,MANHATTAN,10048,40.7136919,-74.0137542,"(40.7136919, -74.0137542)",WEST STREET,VESEY STREET,,0,0,0,0,0,0,0,0,Unspecified,Unspecified,,,,3363603,PASSENGER VEHICLE,TAXI,,,
01/01/2016,20:30,,,40.7818569,-73.8252243,"(40.7818569, -73.8252243)",,,,0,0,0,0,0,0,0,0,Unspecified,Unspecified,,,,3363937,SPORT UTILITY / STATION WAGON,SPORT UTILITY / STATION WAGON,,,
01/01/2016,20:30,BROOKLYN,11208,40.6725954,-73.8822616,"(40.6725954, -73.8822616)",LINWOOD STREET,BELMONT AVENUE,,0,0,0,0,0,0,0,0,Driver Inattention/Distraction,Unspecified,,,,3363810,PASSENGER VEHICLE,UNKNOWN,,,
01/01/2016,20:25,QUEENS,11433,40.7050924,-73.7906942,"(40.7050924, -73.7906942)",93 AVENUE,168 PLACE,,1,0,1,0,0,0,0,0,Unspecified,,,,,3363897,SPORT UTILITY / STATION WAGON,,,,
01/01/2016,20:20,MANHATTAN,10012,40.7230221,-73.9988131,"(40.7230221, -73.9988131)",BROADWAY,SPRING STREET,,1,0,1,0,0,0,0,0,Unspecified,,,,,3363602,BUS,,,,
01/01/2016,20:17,MANHATTAN,10128,40.7785518,-73.9512482,"(40.7785518, -73.9512482)",2 AVENUE,EAST 87 STREET,,0,0,0,0,0,0,0,0,Driver Inattention/Distraction,Other Vehicular,,,,3363640,PASSENGER VEHICLE,PASSENGER VEHICLE,,,
01/01/2016,20:16,QUEENS,11378,40.7225089,-73.8904206,"(40.7225089, -73.8904206)",60 AVENUE,69 LANE,,0,0,0,0,0,0,0,0,Unspecified,Unspecified,,,,3363908,PASSENGER VEHICLE,UNKNOWN,,,
01/01/2016,20:15,QUEENS,11373,40.7339657,-73.8720247,"(40.7339657, -73.8720247)",QUEENS BOULEVARD,90 STREET,,0,0,0,0,0,0,0,0,Unspecified,Unspecified,,,,3363967,PASSENGER VEHICLE,PASSENGER VEHICLE,,,
01/01/2016,20:15,MANHATTAN,10001,40.7497063,-73.9915618,"(40.7497063, -73.9915618)",WEST 32 STREET,7 AVENUE,,0,0,0,0,0,0,0,0,Turning Improperly,Unspecified,,,,3364051,PASSENGER VEHICLE,LIVERY VEHICLE,,,
01/01/2016,20:13,,,,,,EAST GUN HILL ROAD,LACONIA AVENUE,,0,0,0,0,0,0,0,0,Unspecified,Unspecified,,,,3363724,PASSENGER VEHICLE,PASSENGER VEHICLE,,,
01/01/2016,20:10,MANHATTAN,10065,40.7608574,-73.9610689,"(40.7608574, -73.9610689)",EAST 61 STREET,1 AVENUE,,0,0,0,0,0,0,0,0,Other Vehicular,Turning Improperly,,,,3363639,TAXI,BICYCLE,,,
01/01/2016,20:05,BRONX,10466,40.8961082,-73.847742,"(40.8961082, -73.847742)",PITMAN AVENUE,ELY AVENUE,,0,0,0,0,0,0,0,0,Unspecified,Unspecified,,,,3363717,PASSENGER VEHICLE,UNKNOWN,,,
01/01/2016,20:00,STATEN ISLAND,10305,40.606886,-74.0780932,"(40.606886, -74.0780932)",NARROWS ROAD NORTH,CLIFTON AVENUE,,0,0,0,0,0,0,0,0,Failure to Yield Right-of-Way,Failure to Yield Right-of-Way,,,,3363999,PASSENGER VEHICLE,PASSENGER VEHICLE,,,
01/01/2016,20:00,QUEENS,11420,40.6820433,-73.8089094,"(40.6820433, -73.8089094)",LINDEN BOULEVARD,133 STREET,,0,0,0,0,0,0,0,0,Unspecified,Unspecified,,,,3363927,SPORT UTILITY / STATION WAGON,UNKNOWN,,,
01/01/2016,1:55,,,,,,MERRICK BOULEVARD,FARMERS BOULEVARD,,0,0,0,0,0,0,0,0,Unspecified,Unspecified,,,,3363589,SPORT UTILITY / STATION WAGON,SPORT UTILITY / STATION WAGON,,,
01/01/2016,1:50,QUEENS,11692,40.5948819,-73.7973734,"(40.5948819, -73.7973734)",BEACH 68 STREET,THURSBY AVENUE,,0,0,0,0,0,0,0,0,Backing Unsafely,Unspecified,,,,3363536,AMBULANCE,PASSENGER VEHICLE,,,
01/01/2016,1:50,QUEENS,11420,40.6671184,-73.8113204,"(40.6671184, -73.8113204)",NORTH CONDUIT AVENUE,129 STREET,,0,0,0,0,0,0,0,0,Prescription Medication,Unspecified,,,,3363557,PASSENGER VEHICLE,PICK-UP TRUCK,,,
01/01/2016,1:49,BROOKLYN,11234,40.6195715,-73.9335375,"(40.6195715, -73.9335375)",FLATBUSH AVENUE,AVENUE P,,0,0,0,0,0,0,0,0,Other Vehicular,Lost Consciousness,,,,3363484,SPORT UTILITY / STATION WAGON,SPORT UTILITY / STATION WAGON,,,
01/01/2016,1:45,,,,,,WEST 155 STREET,MACOMBS DAM BRIDGE,,4,0,0,0,0,0,4,0,Fatigued/Drowsy,Unspecified,,,,3363674,PASSENGER VEHICLE,SPORT UTILITY / STATION WAGON,,,
01/01/2016,1:45,QUEENS,11377,40.7459414,-73.900054,"(40.7459414, -73.900054)",ROOSEVELT AVENUE,64 STREET,,1,0,0,0,1,0,0,0,Failure to Keep Right,Unspecified,Unspecified,Unspecified,Unspecified,3363934,PASSENGER VEHICLE,BICYCLE,PASSENGER VEHICLE,PASSENGER VEHICLE,TAXI
01/01/2016,1:30,MANHATTAN,10003,40.738505,-73.9917978,"(40.738505, -73.9917978)",5 AVENUE,WEST 18 STREET,,1,0,1,0,0,0,0,0,Unspecified,,,,,3363374,PASSENGER VEHICLE,,,,
01/01/2016,1:30,BRONX,10466,40.8863953,-73.8612469,"(40.8863953, -73.8612469)",WHITE PLAINS ROAD,EAST 223 STREET,,1,0,0,0,0,0,1,0,Unspecified,Unspecified,Unspecified,,,3363718,SPORT UTILITY / STATION WAGON,PASSENGER VEHICLE,UNKNOWN,,
01/01/2016,1:30,BROOKLYN,11221,40.6908913,-73.9425174,"(40.6908913, -73.9425174)",LAFAYETTE AVENUE,THROOP AVENUE,,0,0,0,0,0,0,0,0,Driver Inattention/Distraction,Unspecified,,,,3363530,PASSENGER VEHICLE,BICYCLE,,,
01/01/2016,1:30,BROOKLYN,11210,40.6385108,-73.9501723,"(40.6385108, -73.9501723)",EAST 28 STREET,FOSTER AVENUE,,0,0,0,0,0,0,0,0,Unspecified,Unspecified,Unspecified,Unspecified,,3364787,PASSENGER VEHICLE,SPORT UTILITY / STATION WAGON,PASSENGER VEHICLE,VAN,
01/01/2016,1:25,STATEN ISLAND,10314,40.6216662,-74.12008,"(40.6216662, -74.12008)",MARTLING AVENUE,BROOKSIDE AVENUE,,2,0,0,0,0,0,2,0,Drugs (Illegal),,,,,3363594,PASSENGER VEHICLE,,,,
01/01/2016,1:16,,,,,,ROCKAWAY PARKWAY,SHORE PARKWAY,,0,0,0,0,0,0,0,0,Unspecified,Unspecified,,,,3364772,PASSENGER VEHICLE,PASSENGER VEHICLE,,,
01/01/2016,1:15,MANHATTAN,10007,40.7131354,-74.0040581,"(40.7131354, -74.0040581)",CENTER STREET,CHAMBERS STREET,,0,0,0,0,0,0,0,0,Driver Inattention/Distraction,Unspecified,,,,3363358,PASSENGER VEHICLE,PASSENGER VEHICLE,,,
01/01/2016,1:10,,,40.7621739,-73.7567868,"(40.7621739, -73.7567868)",,,,0,0,0,0,0,0,0,0,Tire Failure/Inadequate,,,,,3363974,PASSENGER VEHICLE,,,,
01/01/2016,1:06,MANHATTAN,10025,40.7939814,-73.9722814,"(40.7939814, -73.9722814)",BROADWAY,WEST 95 STREET,,0,0,0,0,0,0,0,0,Driver Inattention/Distraction,Driver Inattention/Distraction,,,,3363407,TAXI,PASSENGER VEHICLE,,,
01/01/2016,1:05,QUEENS,11412,40.7053991,-73.7729191,"(40.7053991, -73.7729191)",104 AVENUE,184 STREET,,0,0,0,0,0,0,0,0,Backing Unsafely,Unspecified,,,,3363894,SPORT UTILITY / STATION WAGON,SPORT UTILITY / STATION WAGON,,,
01/01/2016,1:05,MANHATTAN,10001,40.7563515,-74.0054034,"(40.7563515, -74.0054034)",JOE DIMAGGIO HIGHWAY,WEST 33 STREET,,0,0,0,0,0,0,0,0,Driver Inattention/Distraction,Unspecified,,,,3363372,PASSENGER VEHICLE,UNKNOWN,,,
01/01/2016,1:00,QUEENS,11417,40.6707792,-73.8478707,"(40.6707792, -73.8478707)",88 STREET,NORTH CONDUIT AVENUE,,0,0,0,0,0,0,0,0,Unspecified,Unspecified,,,,3363560,SPORT UTILITY / STATION WAGON,SPORT UTILITY / STATION WAGON,,,
01/01/2016,1:00,QUEENS,11416,40.6898526,-73.8377992,"(40.6898526, -73.8377992)",107 STREET,95 AVENUE,,0,0,0,0,0,0,0,0,Unspecified,,,,,3363543,PASSENGER VEHICLE,,,,
01/01/2016,1:00,QUEENS,11385,40.7050016,-73.9113972,"(40.7050016, -73.9113972)",SENECA AVENUE,BLEECKER STREET,,0,0,0,0,0,0,0,0,Unspecified,Unspecified,,,,3363905,PASSENGER VEHICLE,UNKNOWN,,,
01/01/2016,1:00,QUEENS,11367,40.7199104,-73.8090389,"(40.7199104, -73.8090389)",UNION TURNPIKE,PARSONS BOULEVARD,,0,0,0,0,0,0,0,0,Traffic Control Disregarded,Unspecified,,,,3363929,PASSENGER VEHICLE,PASSENGER VEHICLE,,,
01/01/2016,1:00,MANHATTAN,10013,40.7203179,-74.0121683,"(40.7203179, -74.0121683)",WEST STREET,NORTH MOORE STREET,,0,0,0,0,0,0,0,0,Driver Inattention/Distraction,Unspecified,,,,3363355,SPORT UTILITY / STATION WAGON,TAXI,,,
01/01/2016,1:00,BROOKLYN,11203,40.6417152,-73.9361062,"(40.6417152, -73.9361062)",AVENUE D,EAST 43 STREET,,0,0,0,0,0,0,0,0,Lost Consciousness,Unspecified,,,,3363502,SPORT UTILITY / STATION WAGON,UNKNOWN,,,
01/01/2016,19:50,STATEN ISLAND,10310,40.6347476,-74.1122528,"(40.6347476, -74.1122528)",BEMENT AVENUE,CASTLETON AVENUE,,0,0,0,0,0,0,0,0,Driver Inexperience,Pavement Slippery,,,,3367387,PASSENGER VEHICLE,PASSENGER VEHICLE,,,
01/01/2016,19:30,QUEENS,11419,40.6940516,-73.8280091,"(40.6940516, -73.8280091)",ATLANTIC AVENUE,LEFFERTS BOULEVARD,,1,0,0,0,0,0,1,0,Alcohol Involvement,Unspecified,,,,3363885,PASSENGER VEHICLE,PASSENGER VEHICLE,,,
01/01/2016,19:30,,,40.7618909,-73.8296641,"(40.7618909, -73.8296641)",,,PARKING LOT 138 ST & 37 AVE,0,0,0,0,0,0,0,0,Driver Inattention/Distraction,Unspecified,,,,3363955,SPORT UTILITY / STATION WAGON,PASSENGER VEHICLE,,,
01/01/2016,19:30,STATEN ISLAND,10312,40.5588868,-74.1976949,"(40.5588868, -74.1976949)",ARTHUR KILL ROAD,ARDEN AVENUE,,0,0,0,0,0,0,0,0,Driver Inattention/Distraction,,,,,3364014,PASSENGER VEHICLE,,,,
01/01/2016,19:30,MANHATTAN,10019,40.7623963,-73.9786009,"(40.7623963, -73.9786009)",WEST 54 STREET,AVENUE OF THE AMERICAS,,0,0,0,0,0,0,0,0,Illness,Unspecified,,,,3363391,TAXI,PASSENGER VEHICLE,,,
01/01/2016,19:30,BROOKLYN,11223,40.6062486,-73.9764397,"(40.6062486, -73.9764397)",WEST 3 STREET,QUENTIN ROAD,,0,0,0,0,0,0,0,0,Illness,Unspecified,,,,3363771,PASSENGER VEHICLE,PASSENGER VEHICLE,,,
01/01/2016,19:30,BRONX,10451,40.8148803,-73.9288555,"(40.8148803, -73.9288555)",GRAND CONCOURSE,EAST 140 STREET,,0,0,0,0,0,0,0,0,Unspecified,Unspecified,,,,3363684,PASSENGER VEHICLE,PASSENGER VEHICLE,,,
01/01/2016,19:20,QUEENS,11432,40.7065539,-73.7944515,"(40.7065539, -73.7944515)",MERRICK BOULEVARD,91 AVENUE,,1,0,1,0,0,0,0,0,Unspecified,,,,,3363544,SPORT UTILITY / STATION WAGON,,,,
01/01/2016,19:15,QUEENS,11106,40.7587064,-73.937918,"(40.7587064, -73.937918)",21 STREET,37 AVENUE,,0,0,0,0,0,0,0,0,Driver Inattention/Distraction,Unspecified,,,,3364422,UNKNOWN,SPORT UTILITY / STATION WAGON,,,
01/01/2016,19:15,BROOKLYN,11206,40.7037643,-73.9426145,"(40.7037643, -73.9426145)",GRAHAM AVENUE,MOORE STREET,,0,0,0,0,0,0,0,0,Prescription Medication,Unspecified,,,,3363860,SPORT UTILITY / STATION WAGON,UNKNOWN,,,
01/01/2016,19:10,BROOKLYN,11201,40.6959932,-73.983213,"(40.6959932, -73.983213)",TILLARY STREET,GOLD STREET,,1,0,0,0,0,0,1,0,Prescription Medication,Traffic Control Disregarded,,,,3363850,PICK-UP TRUCK,,,,
01/01/2016,19:09,QUEENS,11373,40.7334973,-73.8703694,"(40.7334973, -73.8703694)",QUEENS BOULEVARD,WOODHAVEN BOULEVARD,,0,0,0,0,0,0,0,0,Failure to Yield Right-of-Way,Unspecified,,,,3364378,PASSENGER VEHICLE,PASSENGER VEHICLE,,,
01/01/2016,19:00,BRONX,10468,40.8638513,-73.9090598,"(40.8638513, -73.9090598)",SEDGWICK AVENUE,BAILEY AVENUE,,1,0,0,0,0,0,1,0,Outside Car Distraction,Traffic Control Disregarded,Unspecified,Unspecified,,3363743,SPORT UTILITY / STATION WAGON,PASSENGER VEHICLE,SPORT UTILITY / STATION WAGON,UNKNOWN,
01/01/2016,19:00,BROOKLYN,11207,40.6723337,-73.9017541,"(40.6723337, -73.9017541)",GLENMORE AVENUE,SNEDIKER AVENUE,,0,0,0,0,0,0,0,0,Failure to Yield Right-of-Way,Unspecified,,,,3363802,SPORT UTILITY / STATION WAGON,PASSENGER VEHICLE,,,
01/01/2016,18:52,MANHATTAN,10034,40.8648086,-73.9193623,"(40.8648086, -73.9193623)",POST AVENUE,WEST 207 STREET,,0,0,0,0,0,0,0,0,Unspecified,Unspecified,Unspecified,,,3365884,PASSENGER VEHICLE,SPORT UTILITY / STATION WAGON,BUS,,
01/01/2016,18:48,,,40.8486259,-73.9275155,"(40.8486259, -73.9275155)",,,,1,0,0,0,0,0,1,0,Traffic Control Disregarded,,,,,3363678,PASSENGER VEHICLE,,,,
01/01/2016,18:45,QUEENS,11691,40.6053345,-73.7552743,"(40.6053345, -73.7552743)",MOTT AVENUE,BEACH CHANNEL DRIVE,,0,0,0,0,0,0,0,0,Failure to Yield Right-of-Way,,,,,3363875,PASSENGER VEHICLE,PASSENGER VEHICLE,,,
01/01/2016,18:40,,,,,,,,,0,0,0,0,0,0,0,0,Fatigued/Drowsy,Traffic Control Disregarded,,,,3363742,SPORT UTILITY / STATION WAGON,PASSENGER VEHICLE,,,
01/01/2016,18:35,MANHATTAN,10027,40.8133899,-73.9562587,"(40.8133899, -73.9562587)",AMSTERDAM AVENUE,WEST 125 STREET,,1,0,1,0,0,0,0,0,Unspecified,,,,,3364092,PASSENGER VEHICLE,,,,
01/01/2016,18:30,,,,,,,,,0,0,0,0,0,0,0,0,Driver Inattention/Distraction,Unspecified,,,,3363434,PASSENGER VEHICLE,PASSENGER VEHICLE,,,
01/01/2016,18:30,QUEENS,11363,40.7759476,-73.7404,"(40.7759476, -73.7404)",39 AVENUE,255 STREET,,0,0,0,0,0,0,0,0,Backing Unsafely,Backing Unsafely,,,,3363973,SPORT UTILITY / STATION WAGON,PASSENGER VEHICLE,,,
01/01/2016,18:20,,,40.7020388,-73.8672525,"(40.7020388, -73.8672525)",,,,0,0,0,0,0,0,0,0,Unspecified,Unspecified,,,,3363907,PASSENGER VEHICLE,SPORT UTILITY / STATION WAGON,,,
01/01/2016,18:20,MANHATTAN,10026,40.8045253,-73.9515724,"(40.8045253, -73.9515724)",7 AVENUE,WEST 118 STREET,,0,0,0,0,0,0,0,0,Unspecified,Unspecified,,,,3363664,SPORT UTILITY / STATION WAGON,PASSENGER VEHICLE,,,
01/01/2016,18:20,MANHATTAN,10025,40.7966428,-73.9684772,"(40.7966428, -73.9684772)",AMSTERDAM AVENUE,WEST 100 STREET,,0,0,0,0,0,0,0,0,Backing Unsafely,Fatigued/Drowsy,,,,3363651,SPORT UTILITY / STATION WAGON,PASSENGER VEHICLE,,,
01/01/2016,18:20,BRONX,10460,40.8349176,-73.8941239,"(40.8349176, -73.8941239)",BOSTON ROAD,LOUIS NINE BOULEVARD,,0,0,0,0,0,0,0,0,Driver Inattention/Distraction,Unspecified,,,,3363699,UNKNOWN,SPORT UTILITY / STATION WAGON,,,
01/01/2016,18:10,BRONX,10461,40.836106,-73.8355381,"(40.836106, -73.8355381)",ELLISON AVENUE,WATERBURY AVENUE,,0,0,0,0,0,0,0,0,Unspecified,Unspecified,,,,3363705,PASSENGER VEHICLE,UNKNOWN,,,
01/01/2016,2:00,MANHATTAN,10003,40.7313217,-73.9886127,"(40.7313217, -73.9886127)",EAST 11 STREET,3 AVENUE,,1,0,1,0,0,0,0,0,Unspecified,,,,,3365092,UNKNOWN,,,,
01/01/2016,2:00,,,40.7688772,-73.9489716,"(40.7688772, -73.9489716)",,,,0,0,0,0,0,0,0,0,Lost Consciousness,Lost Consciousness,,,,3363400,SPORT UTILITY / STATION WAGON,PASSENGER VEHICLE,,,
01/01/2016,2:00,,,40.7654349,-73.8626693,"(40.7654349, -73.8626693)",,,,0,0,0,0,0,0,0,0,Steering Failure,,,,,3364468,PASSENGER VEHICLE,,,,
01/01/2016,2:00,,,40.6783203,-73.8149661,"(40.6783203, -73.8149661)",,,SIDEWALK 124-18 115 AVENUE,0,0,0,0,0,0,0,0,Alcohol Involvement,,,,,3363563,SPORT UTILITY / STATION WAGON,,,,
01/01/2016,2:00,MANHATTAN,10029,40.7941352,-73.9428183,"(40.7941352, -73.9428183)",3 AVENUE,EAST 110 STREET,,0,0,0,0,0,0,0,0,Unspecified,Unspecified,,,,3363648,TAXI,SPORT UTILITY / STATION WAGON,,,
01/01/2016,10:55,BROOKLYN,11213,40.6689504,-73.9338885,"(40.6689504, -73.9338885)",EASTERN PARKWAY,SCHENECTADY AVENUE,,0,0,0,0,0,0,0,0,Unspecified,Unspecified,Unspecified,,,3363819,UNKNOWN,PASSENGER VEHICLE,PASSENGER VEHICLE,,
01/01/2016,10:40,BRONX,10455,40.8126657,-73.90633,"(40.8126657, -73.90633)",EAST 149 STREET,TINTON AVENUE,,0,0,0,0,0,0,0,0,Unspecified,Unspecified,Unspecified,,,3363682,PASSENGER VEHICLE,PASSENGER VEHICLE,SPORT UTILITY / STATION WAGON,,
01/01/2016,10:30,QUEENS,11385,40.7109667,-73.9160027,"(40.7109667, -73.9160027)",WOODWARD AVENUE,WILLOUGHBY AVENUE,,1,0,0,0,0,0,1,0,Unspecified,Unspecified,,,,3363903,SCOOTER,,,,
01/01/2016,10:30,,,40.6212504,-74.1688765,"(40.6212504, -74.1688765)",,,,0,0,0,0,0,0,0,0,Turning Improperly,Unspecified,,,,3364001,PICK-UP TRUCK,SPORT UTILITY / STATION WAGON,,,
01/01/2016,10:30,BROOKLYN,11216,40.6803904,-73.949557,"(40.6803904, -73.949557)",NOSTRAND AVENUE,FULTON STREET,,0,0,0,0,0,0,0,0,Unspecified,Unspecified,,,,3364239,PASSENGER VEHICLE,PASSENGER VEHICLE,,,
01/01/2016,10:20,QUEENS,11373,40.7366431,-73.8658311,"(40.7366431, -73.8658311)",57 AVENUE,JUNCTION BOULEVARD,,0,0,0,0,0,0,0,0,Unspecified,Unspecified,,,,3363579,SPORT UTILITY / STATION WAGON,UNKNOWN,,,
01/01/2016,10:17,BRONX,10468,40.876976,-73.8896598,"(40.876976, -73.8896598)",PAUL AVENUE,WEST 205 STREET,,0,0,0,0,0,0,0,0,Driver Inattention/Distraction,Unspecified,Unspecified,Unspecified,,3363475,PASSENGER VEHICLE,PASSENGER VEHICLE,PASSENGER VEHICLE,SPORT UTILITY / STATION WAGON,
01/01/2016,10:00,QUEENS,11435,40.6930797,-73.8038184,"(40.6930797, -73.8038184)",LIVERPOOL STREET,SOUTH ROAD,,0,0,0,0,0,0,0,0,Unspecified,Unspecified,,,,3363892,SPORT UTILITY / STATION WAGON,UNKNOWN,,,
01/01/2016,10:00,QUEENS,11101,40.7447332,-73.9335895,"(40.7447332, -73.9335895)",VANDAM STREET,THOMSON AVENUE,,0,0,0,0,0,0,0,0,Driver Inattention/Distraction,Unspecified,,,,3363931,TAXI,SPORT UTILITY / STATION WAGON,,,
01/01/2016,10:00,BROOKLYN,11224,40.5803795,-73.9676001,"(40.5803795, -73.9676001)",OCEAN PARKWAY,NEPTUNE AVENUE,,0,0,0,0,0,0,0,0,Unspecified,Unspecified,,,,3363749,PASSENGER VEHICLE,UNKNOWN,,,
01/01/2016,10:00,BROOKLYN,11207,40.6757357,-73.8968533,"(40.6757357, -73.8968533)",PENNSYLVANIA AVENUE,ATLANTIC AVENUE,,0,0,0,0,0,0,0,0,Alcohol Involvement,Unspecified,,,,3364217,PASSENGER VEHICLE,PASSENGER VEHICLE,,,
01/01/2016,0:51,MANHATTAN,10040,40.8635725,-73.9260124,"(40.8635725, -73.9260124)",SHERMAN AVENUE,DYCKMAN STREET,,0,0,0,0,0,0,0,0,Other Vehicular,Lost Consciousness,,,,3370573,PASSENGER VEHICLE,PASSENGER VEHICLE,,,
01/01/2016,0:50,QUEENS,11417,40.6813845,-73.8474752,"(40.6813845, -73.8474752)",ROCKAWAY BOULEVARD,92 STREET,,1,0,1,0,0,0,0,0,Failure to Yield Right-of-Way,,,,,3363566,PASSENGER VEHICLE,,,,
01/01/2016,0:33,QUEENS,11419,40.6841371,-73.8241226,"(40.6841371, -73.8241226)",107 AVENUE,118 STREET,,0,0,0,0,0,0,0,0,Unspecified,Unspecified,,,,3363558,PASSENGER VEHICLE,PASSENGER VEHICLE,,,
01/01/2016,0:30,,,40.7375562,-73.8508811,"(40.7375562, -73.8508811)",,,,0,0,0,0,0,0,0,0,Turning Improperly,Unspecified,,,,3363584,SPORT UTILITY / STATION WAGON,PASSENGER VEHICLE,,,
01/01/2016,0:25,QUEENS,11427,40.7290337,-73.7438625,"(40.7290337, -73.7438625)",89 AVENUE,SPRINGFIELD BOULEVARD,,0,0,0,0,0,0,0,0,Unspecified,Unspecified,,,,3363916,PASSENGER VEHICLE,UNKNOWN,,,
01/01/2016,0:23,BROOKLYN,11207,40.6534188,-73.88897,"(40.6534188, -73.88897)",GEORGIA AVENUE,COZINE AVENUE,,0,0,0,0,0,0,0,0,Driver Inattention/Distraction,Unspecified,,,,3363808,PASSENGER VEHICLE,PASSENGER VEHICLE,,,
01/01/2016,0:15,MANHATTAN,10011,40.738552,-73.9996824,"(40.738552, -73.9996824)",7 AVENUE,WEST 14 STREET,,0,0,0,0,0,0,0,0,Lost Consciousness,Unspecified,,,,3363371,SPORT UTILITY / STATION WAGON,OTHER,,,
01/01/2016,0:05,MANHATTAN,10035,40.7992577,-73.9390504,"(40.7992577, -73.9390504)",3 AVENUE,EAST 118 STREET,,2,0,0,0,0,0,2,0,Unspecified,Unspecified,,,,3364610,PASSENGER VEHICLE,PASSENGER VEHICLE,,,
01/01/2016,0:01,MANHATTAN,10035,40.8050573,-73.9390342,"(40.8050573, -73.9390342)",EAST 125 STREET,PARK AVENUE,,1,0,1,0,0,0,0,0,Unspecified,,,,,3363408,PASSENGER VEHICLE,,,,
01/01/2016,0:01,MANHATTAN,10022,40.7602226,-73.967462,"(40.7602226, -73.967462)",EAST 57 STREET,3 AVENUE,,0,0,0,0,0,0,0,0,Other Vehicular,Other Vehicular,,,,3374565,PASSENGER VEHICLE,PASSENGER VEHICLE,,,
